Student_ID,Name,Gender,Department,Year,Semester,Age,Attendance,Python,Statistics,Machine_Learning,Deep_Learning,Database,Data_Visualization,Assignment_Score,Internal_Marks,Project_Marks,Study_Hours,Placement_Status,Total_Marks,Percentage,Grade,GPA,Rank,Attendance_Status,At_Risk,Risk_Score,Risk_Category
DS0001,Student_0001,Other,Information Technology,2,4,22,69.76,75.0,54,81,84,41,50,88,83,75,23.9,Placed,385.0,64.16666666666667,C,7.0,121,Warning,True,2,Medium Risk
DS0002,Student_0002,Male,Information Technology,2,2,20,78.15,77.0,57,76,56,83,69,68,66,82,18.6,Internship,418.0,69.66666666666667,C,7.0,87,Good,False,0,Safe
DS0003,Student_0003,Male,Computer Science,2,1,22,69.92,76.0,76,100,64,62,58,62,81,86,19.8,Placed,436.0,72.66666666666667,B,8.0,69,Warning,True,1,Low Risk
DS0004,Student_0004,Other,Data Science,2,1,23,87.58,60.0,73,72,73,83,73,53,67,67,11.5,Internship,434.0,72.33333333333334,B,8.0,71,Excellent,False,0,Safe
DS0005,Student_0005,Female,Artificial Intelligence,2,3,20,89.52,66.0,92,57,85,45,65,69,65,87,14.7,Not Placed,410.0,68.33333333333333,C,7.0,95,Excellent,True,1,Low Risk
DS0006,Student_0006,Male,Artificial Intelligence,2,4,24,76.29,69.09009009009009,53,56,77,72,80,81,62,69,13.3,Not Placed,407.0900900900901,67.84834834834835,C,7.0,98,Good,False,0,Safe
DS0007,Student_0007,Female,Computer Science,1,2,21,79.04,52.0,77,63,70,77,77,49,50,55,9.0,Placed,416.0,69.33333333333334,C,7.0,89,Good,True,1,Low Risk
DS0008,Student_0008,Other,Computer Science,2,2,20,75.93,76.0,56,64,89,65,81,87,46,81,17.7,Placed,431.0,71.83333333333334,B,8.0,74,Good,False,0,Safe
DS0009,Student_0009,Male,Artificial Intelligence,1,3,23,82.15,61.0,48,71,62,73,70,78,92,87,18.5,Placed,385.0,64.16666666666667,C,7.0,121,Good,True,1,Low Risk
DS0010,Student_0010,Female,Artificial Intelligence,1,1,20,67.81,92.0,52,60,56,64,49,79,84,100,36.4,Internship,373.0,62.16666666666667,C,7.0,133,Warning,True,2,Medium Risk
DS0011,Student_0011,Other,Computer Science,1,1,21,81.88,76.0,55,38,74,58,64,72,56,49,12.6,Internship,365.0,60.83333333333333,C,7.0,141,Good,True,1,Low Risk
DS0012,Student_0012,Male,Data Science,1,3,22,70.14,69.0,97,72,85,63,52,87,58,88,18.7,Not Placed,438.0,73.0,B,8.0,67,Warning,True,1,Low Risk
DS0013,Student_0013,Other,Information Technology,1,4,20,79.70073073073073,68.0,69,60,77,63,52,73,76,94,17.5,Internship,389.0,64.83333333333333,C,7.0,117,Good,False,0,Safe
DS0014,Student_0014,Other,Data Science,1,1,20,77.85,64.0,87,76,93,73,52,69,93,58,9.7,Internship,445.0,74.16666666666667,B,8.0,60,Good,True,1,Low Risk
DS0015,Student_0015,Male,Data Science,1,3,24,79.42,80.0,64,70,68,75,91,62,53,61,13.7,Placed,448.0,74.66666666666667,B,8.0,57,Good,False,0,Safe
DS0016,Student_0016,Female,Artificial Intelligence,1,4,22,71.65,84.0,50,70,63,65,85,71,75,77,8.4,Placed,417.0,69.5,C,7.0,88,Warning,True,2,Medium Risk
DS0017,Student_0017,Female,Computer Science,2,4,24,94.47,71.0,73,100,98,57,66,64,62,42,14.9,Placed,465.0,77.5,B,8.0,40,Excellent,False,0,Safe
DS0018,Student_0018,Female,Data Science,1,1,24,100.0,54.0,62,57,69,44,48,100,54,69,18.4,Internship,334.0,55.666666666666664,D,6.0,165,Excellent,True,1,Low Risk
DS0019,Student_0019,Female,Data Science,1,1,22,76.8,96.0,55,66,82,77,64,78,63,82,23.1,Placed,440.0,73.33333333333333,B,8.0,65,Good,False,0,Safe
DS0020,Student_0020,Female,Data Science,2,1,21,98.88,72.0,75,71,70,59,75,80,60,58,24.3,Placed,422.0,70.33333333333334,B,8.0,83,Excellent,False,0,Safe
DS0021,Student_0021,Male,Information Technology,2,4,23,76.49,74.0,77,44,84,77,53,73,68,77,16.08168168168168,Not Placed,409.0,68.16666666666666,C,7.0,96,Good,True,1,Low Risk
DS0022,Student_0022,Male,Computer Science,2,1,21,90.37,32.0,66,73,74,64,44,70,71,59,13.7,Not Placed,353.0,58.833333333333336,D,6.0,151,Excellent,True,1,Low Risk
DS0023,Student_0023,Female,Artificial Intelligence,1,4,22,80.8,90.0,79,96,88,77,96,64,86,57,21.5,Not Placed,526.0,87.66666666666667,A,9.0,3,Good,False,0,Safe
DS0024,Student_0024,Other,Data Science,2,4,20,98.13,67.0,88,81,97,81,46,84,61,59,16.2,Internship,460.0,76.66666666666667,B,8.0,45,Excellent,True,1,Low Risk
DS0025,Student_0025,Other,Artificial Intelligence,2,4,24,99.39,52.0,60,75,87,79,36,44,63,83,4.9,Internship,389.0,64.83333333333333,C,7.0,117,Excellent,True,2,Medium Risk
DS0026,Student_0026,Other,Information Technology,2,4,23,69.64,92.0,76,83,61,82,86,72,69,80,23.0,Placed,480.0,80.0,A,9.0,25,Warning,True,1,Low Risk
DS0027,Student_0027,Female,Computer Science,1,2,23,90.28,54.0,68,92,59,58,73,87,80,100,14.6,Internship,404.0,67.33333333333333,C,7.0,102,Excellent,False,0,Safe
DS0028,Student_0028,Female,Computer Science,2,2,21,85.28,40.0,94,63,72,90,46,82,76,53,2.0,Not Placed,405.0,67.5,C,7.0,101,Excellent,True,2,Medium Risk
DS0029,Student_0029,Other,Information Technology,2,1,21,77.84,71.0,63,77,81,72,81,77,84,69,19.6,Placed,445.0,74.16666666666667,B,8.0,60,Good,False,0,Safe
DS0030,Student_0030,Male,Information Technology,1,1,23,76.58,66.0,68,82,40,51,48,77,88,94,15.5,Internship,355.0,59.166666666666664,D,6.0,149,Good,True,1,Low Risk
DS0031,Student_0031,Male,Computer Science,1,3,22,63.41,90.0,71,57,61,48,57,80,56,82,15.1,Internship,384.0,64.0,C,7.0,122,Critical,True,2,Medium Risk
DS0032,Student_0032,Female,Information Technology,1,3,24,84.34,43.0,84,61,62,54,60,94,66,52,23.5,Not Placed,364.0,60.66666666666667,C,7.0,142,Good,True,1,Low Risk
DS0033,Student_0033,Male,Data Science,2,1,24,92.91,65.0,87,76,68,75,99,62,76,74,18.2,Placed,470.0,78.33333333333333,B,8.0,35,Excellent,False,0,Safe
DS0034,Student_0034,Female,Computer Science,1,1,20,84.17,57.0,46,39,53,63,66,68,67,77,20.3,Not Placed,324.0,54.0,D,6.0,169,Good,True,1,Low Risk
DS0035,Student_0035,Other,Artificial Intelligence,2,4,20,79.32,65.0,86,53,70,100,73,72,60,81,10.0,Internship,447.0,74.5,B,8.0,58,Good,False,0,Safe
DS0036,Student_0036,Other,Computer Science,1,3,24,56.11,80.0,86,75,66,77,65,52,92,88,11.0,Placed,449.0,74.83333333333333,B,8.0,56,Critical,True,1,Low Risk
DS0037,Student_0037,Other,Artificial Intelligence,1,3,23,81.19,47.0,26,62,100,77,62,73,83,80,20.7,Not Placed,374.0,62.33333333333333,C,7.0,132,Good,True,1,Low Risk
DS0038,Student_0038,Female,Data Science,2,2,24,97.46,60.0,83,94,55,57,90,76,75,98,13.5,Not Placed,439.0,73.16666666666667,B,8.0,66,Excellent,False,0,Safe
DS0039,Student_0039,Other,Artificial Intelligence,2,2,20,59.76,56.0,63,77,47,80,62,62,75,72,14.2,Placed,385.0,64.16666666666667,C,7.0,121,Critical,True,2,Medium Risk
DS0040,Student_0040,Male,Computer Science,2,4,23,78.95,68.0,73,55,81,80,76,70,60,59,7.3,Internship,433.0,72.16666666666667,B,8.0,72,Good,True,1,Low Risk
DS0041,Student_0041,Male,Data Science,1,1,23,86.58,57.0,69,75,71,59,84,77,50,73,17.8,Internship,415.0,69.16666666666667,C,7.0,90,Excellent,False,0,Safe
DS0042,Student_0042,Female,Information Technology,2,3,21,76.47,57.0,73,48,90,89,66,58,82,100,7.8,Internship,423.0,70.5,B,8.0,82,Good,True,2,Medium Risk
DS0043,Student_0043,Other,Artificial Intelligence,2,2,20,64.63,57.0,74,94,52,74,97,68,64,87,17.7,Placed,448.0,74.66666666666667,B,8.0,57,Critical,True,1,Low Risk
DS0044,Student_0044,Male,Information Technology,1,4,21,59.77,43.0,78,61,89,61,60,83,56,78,6.0,Placed,392.0,65.33333333333333,C,7.0,114,Critical,True,3,High Risk
DS0045,Student_0045,Male,Artificial Intelligence,1,4,22,83.23,77.0,58,51,81,74,61,65,79,66,13.1,Placed,402.0,67.0,C,7.0,104,Good,False,0,Safe
DS0046,Student_0046,Other,Artificial Intelligence,1,2,20,77.72,90.0,54,34,94,100,64,58,80,82,5.5,Placed,436.0,72.66666666666667,B,8.0,69,Good,True,2,Medium Risk
DS0047,Student_0047,Male,Information Technology,2,3,23,81.97,80.0,100,73,65,68,79,69,99,72,27.7,Not Placed,465.0,77.5,B,8.0,40,Good,False,0,Safe
DS0048,Student_0048,Female,Computer Science,2,4,24,69.17,53.0,79,75,57,73,88,69,70,49,4.7,Internship,425.0,70.83333333333334,B,8.0,80,Warning,True,2,Medium Risk
DS0049,Student_0049,Other,Data Science,1,2,20,100.0,77.0,62,32,82,74,59,81,77,72,21.7,Placed,386.0,64.33333333333333,C,7.0,120,Excellent,True,1,Low Risk
DS0050,Student_0050,Male,Data Science,1,3,21,83.77,79.0,89,62,63,63,82,71,86,41,10.2,Internship,438.0,73.0,B,8.0,67,Good,False,0,Safe
DS0051,Student_0051,Male,Data Science,2,1,23,92.59,58.0,35,56,56,67,87,60,58,83,14.4,Not Placed,359.0,59.833333333333336,D,6.0,145,Excellent,True,1,Low Risk
DS0052,Student_0052,Male,Computer Science,1,2,22,75.79,80.0,70,81,54,70,67,59,70,91,2.0,Not Placed,422.0,70.33333333333334,B,8.0,83,Good,True,1,Low Risk
DS0053,Student_0053,Female,Computer Science,2,3,20,86.58,48.0,56,92,74,82,53,72,76,77,21.4,Placed,405.0,67.5,C,7.0,101,Excellent,True,1,Low Risk
DS0054,Student_0054,Other,Information Technology,1,1,21,100.0,82.0,46,36,85,88,55,82,66,61,16.1,Internship,392.0,65.33333333333333,C,7.0,114,Excellent,True,1,Low Risk
DS0055,Student_0055,Male,Computer Science,2,4,20,95.0,66.0,55,100,97,87,56,84,83,84,18.4,Not Placed,461.0,76.83333333333333,B,8.0,44,Excellent,False,0,Safe
DS0056,Student_0056,Other,Computer Science,1,4,20,80.14,43.0,71,62,51,95,96,78,55,80,16.4,Not Placed,418.0,69.66666666666667,C,7.0,87,Good,True,1,Low Risk
DS0057,Student_0057,Female,Information Technology,1,4,22,67.01,50.0,69,69,97,83,70,72,60,56,19.6,Not Placed,438.0,73.0,B,8.0,67,Warning,True,1,Low Risk
DS0058,Student_0058,Other,Computer Science,2,3,20,84.14,76.0,43,68,85,86,85,80,91,91,15.1,Not Placed,443.0,73.83333333333333,B,8.0,62,Good,True,1,Low Risk
DS0059,Student_0059,Female,Computer Science,2,1,23,75.18,51.0,65,73,67,61,74,78,76,57,12.6,Internship,391.0,65.16666666666666,C,7.0,115,Good,False,0,Safe
DS0060,Student_0060,Female,Artificial Intelligence,1,3,23,84.75,92.0,53,38,42,70,70,98,55,69,10.7,Internship,365.0,60.83333333333333,C,7.0,141,Good,True,1,Low Risk
DS0061,Student_0061,Other,Computer Science,2,3,24,81.57,57.0,65,91,98,65,99,80,100,87,11.0,Internship,475.0,79.16666666666666,B,8.0,30,Good,False,0,Safe
DS0062,Student_0062,Other,Data Science,1,1,21,56.76,85.0,65,63,84,70,74,84,57,53,15.6,Internship,441.0,73.5,B,8.0,64,Critical,True,1,Low Risk
DS0063,Student_0063,Female,Computer Science,1,1,20,88.69,71.0,60,82,50,64,61,75,43,45,15.9,Not Placed,388.0,64.66666666666666,C,7.0,118,Excellent,False,0,Safe
DS0064,Student_0064,Female,Information Technology,2,1,22,94.94,67.0,68,70,73,84,53,68,34,49,10.2,Placed,415.0,69.16666666666667,C,7.0,90,Excellent,False,0,Safe
DS0065,Student_0065,Female,Artificial Intelligence,2,2,24,84.68,62.0,64,71,65,86,60,76,69,98,11.6,Not Placed,408.0,68.0,C,7.0,97,Good,False,0,Safe
DS0066,Student_0066,Female,Computer Science,1,2,20,91.85,100.0,67,51,71,54,59,92,93,82,25.5,Placed,402.0,67.0,C,7.0,104,Excellent,False,0,Safe
DS0067,Student_0067,Male,Computer Science,1,3,21,77.21,42.0,65,57,72,61,68,76,72,81,24.2,Not Placed,365.0,60.83333333333333,C,7.0,141,Good,True,1,Low Risk
DS0068,Student_0068,Female,Data Science,1,4,20,85.89,95.0,75,79,53,69,84,93,76,69,18.4,Placed,455.0,75.83333333333333,B,8.0,50,Excellent,False,0,Safe
DS0069,Student_0069,Other,Computer Science,2,1,24,74.19,26.0,76,25,44,77,77,100,71,81,27.3,Not Placed,325.0,54.166666666666664,D,6.0,168,Warning,True,2,Medium Risk
DS0070,Student_0070,Other,Data Science,1,2,23,76.61,72.0,55,68,69,50,66,73,75,84,9.0,Placed,380.0,63.33333333333333,C,7.0,126,Good,True,1,Low Risk
DS0071,Student_0071,Female,Computer Science,2,1,20,84.49,54.0,87,64,49,77,77,84,50,79,13.9,Internship,408.0,68.0,C,7.0,97,Good,True,1,Low Risk
DS0072,Student_0072,Other,Artificial Intelligence,1,3,22,81.57,63.0,83,92,97,90,68,87,71,64,13.1,Not Placed,493.0,82.16666666666667,A,9.0,17,Good,False,0,Safe
DS0073,Student_0073,Male,Data Science,2,2,24,73.99,80.0,70,75,80,64,81,50,56,59,16.4,Placed,450.0,75.0,B,8.0,55,Warning,True,1,Low Risk
DS0074,Student_0074,Other,Artificial Intelligence,2,3,23,53.84,66.0,65,79,75,75,76,75,71,90,24.3,Internship,436.0,72.66666666666667,B,8.0,69,Critical,True,1,Low Risk
DS0075,Student_0075,Female,Computer Science,1,4,24,68.54,73.0,62,77,62,70,85,89,82,76,10.7,Internship,429.0,71.5,B,8.0,76,Warning,True,1,Low Risk
DS0076,Student_0076,Other,Information Technology,1,4,20,63.47,57.0,62,78,56,77,51,97,74,81,16.8,Not Placed,381.0,63.5,C,7.0,125,Critical,True,1,Low Risk
DS0077,Student_0077,Female,Data Science,1,2,22,97.34,77.0,68,92,63,87,60,73,69,58,14.4,Internship,447.0,74.5,B,8.0,58,Excellent,False,0,Safe
DS0078,Student_0078,Male,Information Technology,2,1,24,85.19,46.0,56,73,90,100,61,75,73,68,6.2,Placed,426.0,71.0,B,8.0,79,Excellent,True,2,Medium Risk
DS0079,Student_0079,Other,Artificial Intelligence,1,4,20,79.2,47.0,80,66,61,70,82,98,79,89,24.7,Internship,406.0,67.66666666666666,C,7.0,100,Good,True,1,Low Risk
DS0080,Student_0080,Other,Information Technology,2,4,24,90.08,87.0,79,79,78,54,81,97,67,57,14.3,Not Placed,458.0,76.33333333333333,B,8.0,47,Excellent,False,0,Safe
DS0081,Student_0081,Female,Data Science,1,1,20,77.17,72.0,71,87,65,75,55,72,67,100,15.3,Not Placed,425.0,70.83333333333334,B,8.0,80,Good,False,0,Safe
DS0082,Student_0082,Female,Computer Science,2,3,22,80.45,66.0,39,57,66,60,91,73,72,100,2.0,Placed,379.0,63.16666666666667,C,7.0,127,Good,True,2,Medium Risk
DS0083,Student_0083,Male,Data Science,1,4,20,91.55,40.0,62,70,80,77,64,79,63,85,16.8,Not Placed,393.0,65.5,C,7.0,113,Excellent,True,1,Low Risk
DS0084,Student_0084,Other,Computer Science,1,3,20,69.67,70.0,92,33,49,52,65,100,99,68,13.5,Not Placed,361.0,60.16666666666667,C,7.0,144,Warning,True,2,Medium Risk
DS0085,Student_0085,Female,Artificial Intelligence,1,2,23,85.01,53.0,41,68,55,69,46,55,84,62,20.4,Placed,332.0,55.333333333333336,D,6.0,166,Excellent,True,1,Low Risk
DS0086,Student_0086,Male,Computer Science,2,2,24,89.0,70.0,49,65,75,79,68,100,100,56,9.5,Internship,406.0,67.66666666666666,C,7.0,100,Excellent,True,2,Medium Risk
DS0087,Student_0087,Female,Information Technology,1,2,21,69.45,92.0,54,50,63,76,68,100,76,88,12.6,Not Placed,403.0,67.16666666666666,C,7.0,103,Warning,True,1,Low Risk
DS0088,Student_0088,Female,Data Science,1,4,24,95.49,67.0,59,30,49,43,36,81,83,61,19.7,Internship,284.0,47.333333333333336,F,5.0,173,Excellent,True,3,High Risk
DS0089,Student_0089,Male,Computer Science,2,2,21,81.04,81.0,61,78,78,62,53,79,60,75,20.0,Internship,413.0,68.83333333333333,C,7.0,92,Good,False,0,Safe
DS0090,Student_0090,Female,Computer Science,2,3,21,58.31,79.0,93,89,55,95,62,72,48,89,26.6,Internship,473.0,78.83333333333333,B,8.0,32,Critical,True,1,Low Risk
DS0091,Student_0091,Female,Data Science,1,1,22,81.17,58.0,75,59,61,82,69,86,65,74,15.2,Internship,404.0,67.33333333333333,C,7.0,102,Good,False,0,Safe
DS0092,Student_0092,Other,Computer Science,1,4,24,80.28,57.0,80,80,79,93,92,66,96,80,14.5,Not Placed,481.0,80.16666666666666,A,9.0,24,Good,False,0,Safe
DS0093,Student_0093,Other,Computer Science,2,4,24,89.89,88.0,37,40,82,71,74,77,65,69,2.0,Not Placed,392.0,65.33333333333333,C,7.0,114,Excellent,True,2,Medium Risk
DS0094,Student_0094,Other,Information Technology,2,2,20,87.37,74.0,83,46,60,53,56,86,68,37,9.0,Placed,372.0,62.0,C,7.0,134,Excellent,True,2,Medium Risk
DS0095,Student_0095,Male,Computer Science,2,2,23,77.56,88.0,28,65,52,82,60,80,49,92,10.7,Internship,375.0,62.5,C,7.0,131,Good,True,1,Low Risk
DS0096,Student_0096,Other,Data Science,1,1,22,57.46,62.0,70,47,73,85,74,58,85,79,18.9,Placed,411.0,68.5,C,7.0,94,Critical,True,2,Medium Risk
DS0097,Student_0097,Male,Computer Science,1,1,21,67.61,98.0,77,80,100,67,58,100,76,64,22.4,Not Placed,480.0,80.0,A,9.0,25,Warning,True,1,Low Risk
DS0098,Student_0098,Other,Data Science,2,3,20,75.08,68.0,66,78,51,75,99,71,66,88,3.9,Internship,437.0,72.83333333333334,B,8.0,68,Good,True,1,Low Risk
DS0099,Student_0099,Male,Artificial Intelligence,2,4,20,84.86,83.0,64,76,53,90,89,50,71,80,19.9,Internship,455.0,75.83333333333333,B,8.0,50,Good,False,0,Safe
DS0100,Student_0100,Other,Computer Science,1,2,20,94.99,73.0,74,92,88,27,65,58,77,61,11.3,Not Placed,419.0,69.83333333333334,C,7.0,86,Excellent,True,1,Low Risk
DS0101,Student_0101,Female,Artificial Intelligence,2,4,24,94.19,92.0,62,77,42,98,79,70,68,67,11.9,Internship,450.0,75.0,B,8.0,55,Excellent,True,1,Low Risk
DS0102,Student_0102,Other,Artificial Intelligence,2,4,23,96.41,80.0,74,80,70,78,64,62,100,89,22.8,Internship,446.0,74.33333333333333,B,8.0,59,Excellent,False,0,Safe
DS0103,Student_0103,Male,Artificial Intelligence,1,2,24,87.86,70.0,67,67,76,91,73,86,67,61,9.9,Placed,444.0,74.0,B,8.0,61,Excellent,True,1,Low Risk
DS0104,Student_0104,Female,Computer Science,2,2,24,63.31,45.0,74,69,63,26,51,96,69,79,32.3,Placed,328.0,54.666666666666664,D,6.0,167,Critical,True,2,Medium Risk
DS0105,Student_0105,Other,Information Technology,2,2,22,100.0,93.0,65,61,65,78,68,76,98,80,22.7,Not Placed,430.0,71.66666666666667,B,8.0,75,Excellent,False,0,Safe
DS0106,Student_0106,Female,Computer Science,2,1,22,81.31,59.0,57,77,85,71,51,91,71,41,14.7,Internship,400.0,66.66666666666666,C,7.0,106,Good,False,0,Safe
DS0107,Student_0107,Male,Artificial Intelligence,1,4,23,89.33,68.0,100,48,64,96,77,62,85,54,18.3,Internship,453.0,75.5,B,8.0,52,Excellent,True,1,Low Risk
DS0108,Student_0108,Female,Computer Science,1,4,22,88.54,73.0,61,70,61,54,65,57,63,65,25.3,Internship,384.0,64.0,C,7.0,122,Excellent,False,0,Safe
DS0109,Student_0109,Male,Computer Science,1,1,20,90.75,75.0,67,77,38,69,100,45,46,78,11.0,Not Placed,426.0,71.0,B,8.0,79,Excellent,True,1,Low Risk
DS0110,Student_0110,Other,Information Technology,2,4,21,94.38,90.0,65,41,51,29,66,72,39,84,19.9,Not Placed,342.0,56.99999999999999,D,6.0,158,Excellent,True,1,Low Risk
DS0111,Student_0111,Male,Information Technology,2,4,23,76.87,75.0,85,53,100,56,81,87,75,73,25.5,Internship,450.0,75.0,B,8.0,55,Good,False,0,Safe
DS0112,Student_0112,Other,Data Science,2,4,23,63.49,66.0,43,58,78,76,46,65,61,86,21.7,Not Placed,367.0,61.16666666666667,C,7.0,139,Critical,True,2,Medium Risk
DS0113,Student_0113,Other,Computer Science,1,4,22,88.76,68.0,64,72,58,53,56,51,72,71,18.4,Placed,371.0,61.83333333333333,C,7.0,135,Excellent,False,0,Safe
DS0114,Student_0114,Other,Data Science,1,1,24,86.6,70.0,48,51,70,85,37,64,70,50,2.0,Not Placed,361.0,60.16666666666667,C,7.0,144,Excellent,True,2,Medium Risk
DS0115,Student_0115,Other,Artificial Intelligence,1,4,20,83.85,84.0,55,63,49,49,67,78,95,58,15.6,Not Placed,367.0,61.16666666666667,C,7.0,139,Good,True,1,Low Risk
DS0116,Student_0116,Male,Information Technology,1,4,22,83.46,87.0,89,49,65,90,78,71,71,76,11.3,Internship,458.0,76.33333333333333,B,8.0,47,Good,True,1,Low Risk
DS0117,Student_0117,Other,Artificial Intelligence,1,4,20,82.31,78.0,100,43,75,59,79,91,36,98,18.6,Placed,434.0,72.33333333333334,B,8.0,71,Good,True,1,Low Risk
DS0118,Student_0118,Male,Information Technology,1,3,24,80.1,86.0,52,58,72,70,74,71,49,82,2.0,Not Placed,412.0,68.66666666666667,C,7.0,93,Good,True,1,Low Risk
DS0119,Student_0119,Other,Information Technology,2,4,23,86.44,80.0,48,71,68,88,67,69,68,51,18.7,Placed,422.0,70.33333333333334,B,8.0,83,Excellent,True,1,Low Risk
DS0120,Student_0120,Female,Computer Science,1,4,21,82.69,44.0,81,72,100,53,68,75,76,64,15.4,Placed,418.0,69.66666666666667,C,7.0,87,Good,True,1,Low Risk
DS0121,Student_0121,Male,Artificial Intelligence,2,4,24,61.99,46.0,72,77,67,46,85,59,63,93,11.5,Placed,393.0,65.5,C,7.0,113,Critical,True,2,Medium Risk
DS0122,Student_0122,Female,Artificial Intelligence,2,2,22,73.62,80.0,62,74,68,83,62,56,78,68,32.6,Internship,429.0,71.5,B,8.0,76,Warning,True,1,Low Risk
DS0123,Student_0123,Other,Artificial Intelligence,1,2,20,83.12,44.0,73,53,63,72,35,90,69,66,2.0,Not Placed,340.0,56.666666666666664,D,6.0,160,Good,True,2,Medium Risk
DS0124,Student_0124,Other,Data Science,1,1,20,63.23,80.0,68,55,72,61,62,65,100,91,16.7,Placed,398.0,66.33333333333333,C,7.0,108,Critical,True,1,Low Risk
DS0125,Student_0125,Female,Artificial Intelligence,2,3,22,90.98,56.0,62,71,71,69,70,54,69,62,16.8,Not Placed,399.0,66.5,C,7.0,107,Excellent,False,0,Safe
DS0126,Student_0126,Other,Data Science,2,4,21,90.71,64.0,92,78,50,80,58,63,62,65,12.0,Placed,422.0,70.33333333333334,B,8.0,83,Excellent,False,0,Safe
DS0127,Student_0127,Male,Artificial Intelligence,2,3,22,67.31,86.0,79,96,100,55,71,59,69,56,21.9,Internship,487.0,81.16666666666667,A,9.0,20,Warning,True,1,Low Risk
DS0128,Student_0128,Male,Artificial Intelligence,2,4,24,82.53,56.0,100,63,71,51,96,58,93,87,16.7,Not Placed,437.0,72.83333333333334,B,8.0,68,Good,False,0,Safe
DS0129,Student_0129,Female,Data Science,1,1,20,79.91,33.0,55,80,88,87,46,79,67,47,13.7,Placed,389.0,64.83333333333333,C,7.0,117,Good,True,1,Low Risk
DS0130,Student_0130,Female,Artificial Intelligence,1,2,21,56.95,65.0,68,62,63,69,77,82,71,75,22.7,Internship,404.0,67.33333333333333,C,7.0,102,Critical,True,1,Low Risk
DS0131,Student_0131,Other,Information Technology,1,4,20,76.87,41.0,40,74,70,73,63,43,83,93,20.5,Not Placed,361.0,60.16666666666667,C,7.0,144,Good,True,1,Low Risk
DS0132,Student_0132,Female,Information Technology,2,2,20,84.98,57.0,80,83,93,57,67,83,73,78,14.2,Placed,437.0,72.83333333333334,B,8.0,68,Good,False,0,Safe
DS0133,Student_0133,Other,Computer Science,1,1,20,66.58,92.0,56,61,70,83,48,69,81,65,17.6,Internship,410.0,68.33333333333333,C,7.0,95,Warning,True,2,Medium Risk
DS0134,Student_0134,Male,Data Science,2,3,21,66.98,66.0,80,77,60,67,86,96,87,79,17.1,Not Placed,436.0,72.66666666666667,B,8.0,69,Warning,True,1,Low Risk
DS0135,Student_0135,Male,Artificial Intelligence,1,3,24,58.06,67.0,80,64,74,83,62,85,99,96,4.6,Internship,430.0,71.66666666666667,B,8.0,75,Critical,True,2,Medium Risk
DS0136,Student_0136,Male,Artificial Intelligence,2,4,22,86.51,81.0,91,63,72,40,74,90,60,57,2.0,Internship,421.0,70.16666666666667,B,8.0,84,Excellent,True,2,Medium Risk
DS0137,Student_0137,Female,Information Technology,1,1,23,78.44,66.0,61,47,77,63,54,84,54,75,17.0,Internship,368.0,61.33333333333333,C,7.0,138,Good,True,1,Low Risk
DS0138,Student_0138,Male,Artificial Intelligence,2,3,22,92.3,63.0,77,58,78,78,26,70,50,58,23.2,Not Placed,380.0,63.33333333333333,C,7.0,126,Excellent,True,1,Low Risk
DS0139,Student_0139,Male,Computer Science,2,1,21,75.16,41.0,87,69,52,61,55,62,91,54,27.2,Placed,365.0,60.83333333333333,C,7.0,141,Good,True,1,Low Risk
DS0140,Student_0140,Male,Artificial Intelligence,2,4,22,58.37,70.0,53,60,58,51,71,63,58,61,30.0,Placed,363.0,60.5,C,7.0,143,Critical,True,1,Low Risk
DS0141,Student_0141,Male,Computer Science,2,4,21,72.97,71.0,74,43,60,73,55,77,62,70,14.3,Not Placed,376.0,62.66666666666667,C,7.0,130,Warning,True,2,Medium Risk
DS0142,Student_0142,Female,Artificial Intelligence,1,2,22,100.0,59.0,77,74,69,64,82,54,83,46,17.5,Placed,425.0,70.83333333333334,B,8.0,80,Excellent,False,0,Safe
DS0143,Student_0143,Male,Artificial Intelligence,1,1,23,70.79,94.0,77,73,62,70,66,62,51,80,19.8,Not Placed,442.0,73.66666666666667,B,8.0,63,Warning,True,1,Low Risk
DS0144,Student_0144,Male,Information Technology,2,4,23,72.01,73.0,84,71,76,75,69,81,75,53,23.9,Placed,448.0,74.66666666666667,B,8.0,57,Warning,True,1,Low Risk
DS0145,Student_0145,Male,Computer Science,1,1,21,99.08,69.0,53,88,79,51,97,77,71,65,20.1,Placed,437.0,72.83333333333334,B,8.0,68,Excellent,False,0,Safe
DS0146,Student_0146,Male,Computer Science,1,2,22,82.46,77.0,70,58,72,69,50,67,91,67,20.6,Internship,396.0,66.0,C,7.0,110,Good,False,0,Safe
DS0147,Student_0147,Female,Computer Science,2,2,22,100.0,64.0,72,81,63,85,55,63,51,60,20.6,Not Placed,420.0,70.0,B,8.0,85,Excellent,False,0,Safe
DS0148,Student_0148,Other,Data Science,2,3,21,87.0,77.0,72,53,82,52,87,67,44,65,8.3,Placed,423.0,70.5,B,8.0,82,Excellent,True,1,Low Risk
DS0149,Student_0149,Female,Artificial Intelligence,1,1,20,77.65,48.0,96,74,76,65,67,69,50,45,14.2,Internship,426.0,71.0,B,8.0,79,Good,True,1,Low Risk
DS0150,Student_0150,Male,Data Science,2,1,21,81.9,71.0,51,69,71,38,56,90,83,73,12.7,Placed,356.0,59.333333333333336,D,6.0,148,Good,True,1,Low Risk
DS0151,Student_0151,Male,Information Technology,2,4,23,70.35,61.0,77,73,79,72,82,47,95,78,4.0,Placed,444.0,74.0,B,8.0,61,Warning,True,2,Medium Risk
DS0152,Student_0152,Female,Data Science,2,2,24,85.96,59.0,82,66,62,91,54,88,74,82,14.2,Not Placed,414.0,69.0,C,7.0,91,Excellent,False,0,Safe
DS0153,Student_0153,Male,Computer Science,1,2,21,82.32,71.0,72,73,82,78,71,100,64,81,23.5,Not Placed,447.0,74.5,B,8.0,58,Good,False,0,Safe
DS0154,Student_0154,Other,Artificial Intelligence,2,1,21,95.11,71.0,100,64,75,58,65,73,67,100,18.8,Internship,433.0,72.16666666666667,B,8.0,72,Excellent,False,0,Safe
DS0155,Student_0155,Male,Computer Science,1,3,21,67.09,59.0,60,56,84,65,72,78,81,79,10.3,Placed,396.0,66.0,C,7.0,110,Warning,True,1,Low Risk
DS0156,Student_0156,Other,Information Technology,2,1,24,59.49,80.0,59,62,56,90,80,63,62,62,8.5,Placed,427.0,71.16666666666667,B,8.0,78,Critical,True,2,Medium Risk
DS0157,Student_0157,Female,Data Science,1,3,20,82.81,66.0,52,75,71,77,78,47,56,48,16.1,Not Placed,419.0,69.83333333333334,C,7.0,86,Good,False,0,Safe
DS0158,Student_0158,Female,Computer Science,2,2,23,57.72,68.0,63,100,78,81,56,72,72,71,10.3,Not Placed,446.0,74.33333333333333,B,8.0,59,Critical,True,1,Low Risk
DS0159,Student_0159,Male,Information Technology,2,4,21,74.79,62.0,67,71,79,86,66,86,86,94,28.4,Placed,431.0,71.83333333333334,B,8.0,74,Warning,True,1,Low Risk
DS0160,Student_0160,Female,Artificial Intelligence,2,3,22,70.47,57.0,70,70,69,60,48,58,75,77,20.1,Internship,374.0,62.33333333333333,C,7.0,132,Warning,True,2,Medium Risk
DS0161,Student_0161,Male,Data Science,2,1,22,78.92,100.0,74,77,54,51,94,61,67,93,10.4,Internship,450.0,75.0,B,8.0,55,Good,False,0,Safe
DS0162,Student_0162,Other,Data Science,2,3,24,78.99,49.0,84,77,61,46,59,85,36,90,7.7,Internship,376.0,62.66666666666667,C,7.0,130,Good,True,2,Medium Risk
DS0163,Student_0163,Female,Computer Science,1,1,23,89.47,75.0,74,86,78,34,58,84,68,47,12.8,Not Placed,405.0,67.5,C,7.0,101,Excellent,True,1,Low Risk
DS0164,Student_0164,Male,Data Science,1,1,20,56.19,76.0,54,79,84,72,25,93,72,91,17.9,Not Placed,390.0,65.0,C,7.0,116,Critical,True,2,Medium Risk
DS0165,Student_0165,Male,Data Science,2,1,22,74.88,77.0,75,80,100,85,46,92,85,100,10.7,Internship,463.0,77.16666666666666,B,8.0,42,Warning,True,2,Medium Risk
DS0166,Student_0166,Other,Computer Science,1,4,24,80.16,62.0,65,63,57,29,63,94,75,87,18.0,Not Placed,339.0,56.49999999999999,D,6.0,161,Good,True,1,Low Risk
DS0167,Student_0167,Male,Computer Science,1,3,21,95.09,91.0,71,77,75,66,76,92,72,39,19.6,Not Placed,456.0,76.0,B,8.0,49,Excellent,False,0,Safe
DS0168,Student_0168,Female,Data Science,2,1,20,81.02,37.0,92,73,85,56,47,100,84,90,21.9,Placed,390.0,65.0,C,7.0,116,Good,True,1,Low Risk
DS0169,Student_0169,Other,Computer Science,1,1,22,88.99,92.0,67,39,67,82,55,84,81,74,17.4,Placed,402.0,67.0,C,7.0,104,Excellent,True,1,Low Risk
DS0170,Student_0170,Female,Artificial Intelligence,2,4,22,85.76,52.0,37,72,75,88,94,100,94,91,13.3,Not Placed,418.0,69.66666666666667,C,7.0,87,Excellent,True,1,Low Risk
DS0171,Student_0171,Male,Information Technology,2,3,20,71.61,57.0,82,53,66,68,94,75,70,70,21.5,Placed,420.0,70.0,B,8.0,85,Warning,True,1,Low Risk
DS0172,Student_0172,Female,Computer Science,2,4,21,88.47,47.0,62,80,61,46,80,50,76,61,7.9,Internship,376.0,62.66666666666667,C,7.0,130,Excellent,True,2,Medium Risk
DS0173,Student_0173,Male,Artificial Intelligence,1,4,23,86.91,63.0,67,60,79,63,85,62,47,79,13.5,Not Placed,417.0,69.5,C,7.0,88,Excellent,False,0,Safe
DS0174,Student_0174,Other,Information Technology,1,3,24,72.41,34.0,62,56,94,44,48,84,37,47,14.0,Not Placed,338.0,56.333333333333336,D,6.0,162,Warning,True,2,Medium Risk
DS0175,Student_0175,Female,Artificial Intelligence,2,1,24,92.33,93.0,63,72,87,100,61,59,73,71,9.3,Placed,476.0,79.33333333333333,B,8.0,29,Excellent,True,1,Low Risk
DS0176,Student_0176,Other,Artificial Intelligence,2,1,23,100.0,55.0,74,85,68,71,79,69,65,86,21.7,Internship,432.0,72.0,B,8.0,73,Excellent,False,0,Safe
DS0177,Student_0177,Other,Computer Science,2,2,24,57.0,62.0,64,78,58,64,71,56,52,72,7.7,Placed,397.0,66.16666666666666,C,7.0,109,Critical,True,2,Medium Risk
DS0178,Student_0178,Male,Information Technology,1,1,24,87.01,59.0,58,63,90,80,70,61,72,44,17.5,Internship,420.0,70.0,B,8.0,85,Excellent,False,0,Safe
DS0179,Student_0179,Male,Data Science,2,3,21,90.18,81.0,66,97,57,73,69,95,71,87,11.1,Not Placed,443.0,73.83333333333333,B,8.0,62,Excellent,False,0,Safe
DS0180,Student_0180,Male,Computer Science,2,3,24,82.99,81.0,59,86,100,68,37,90,79,93,22.4,Placed,431.0,71.83333333333334,B,8.0,74,Good,True,1,Low Risk
DS0181,Student_0181,Female,Artificial Intelligence,1,4,21,72.96,93.0,75,84,65,61,96,75,93,83,4.0,Placed,474.0,79.0,B,8.0,31,Warning,True,2,Medium Risk
DS0182,Student_0182,Female,Data Science,2,2,24,73.5,67.0,97,67,43,98,80,92,80,78,17.0,Not Placed,452.0,75.33333333333333,B,8.0,53,Warning,True,2,Medium Risk
DS0183,Student_0183,Female,Information Technology,1,2,24,89.45,67.0,86,57,46,79,79,74,64,70,30.1,Internship,414.0,69.0,C,7.0,91,Excellent,True,1,Low Risk
DS0184,Student_0184,Male,Information Technology,1,2,20,90.07,44.0,77,45,68,63,39,96,94,80,16.3,Not Placed,336.0,56.00000000000001,D,6.0,164,Excellent,True,1,Low Risk
DS0185,Student_0185,Female,Computer Science,1,2,23,87.68,90.0,95,87,56,73,77,97,74,73,18.7,Placed,478.0,79.66666666666666,B,8.0,27,Excellent,False,0,Safe
DS0186,Student_0186,Other,Information Technology,2,3,21,91.93,58.0,56,89,91,55,85,76,93,79,20.4,Internship,434.0,72.33333333333334,B,8.0,71,Excellent,False,0,Safe
DS0187,Student_0187,Other,Information Technology,1,2,22,92.46,58.0,100,77,81,46,58,66,93,73,17.4,Not Placed,420.0,70.0,B,8.0,85,Excellent,True,1,Low Risk
DS0188,Student_0188,Female,Computer Science,1,3,22,75.29,88.0,57,55,67,82,50,47,61,74,22.5,Not Placed,399.0,66.5,C,7.0,107,Good,False,0,Safe
DS0189,Student_0189,Male,Artificial Intelligence,2,2,23,97.59,58.0,95,60,60,93,73,62,71,76,9.1,Internship,439.0,73.16666666666667,B,8.0,66,Excellent,True,1,Low Risk
DS0190,Student_0190,Other,Information Technology,2,3,23,78.95,69.0,70,87,88,65,67,60,57,96,14.9,Not Placed,446.0,74.33333333333333,B,8.0,59,Good,False,0,Safe
DS0191,Student_0191,Male,Information Technology,2,1,21,72.97,95.0,62,74,100,54,42,79,57,72,19.1,Not Placed,427.0,71.16666666666667,B,8.0,78,Warning,True,2,Medium Risk
DS0192,Student_0192,Male,Computer Science,2,4,24,72.13,55.0,59,65,49,64,72,85,93,68,19.4,Placed,364.0,60.66666666666667,C,7.0,142,Warning,True,2,Medium Risk
DS0193,Student_0193,Female,Data Science,1,4,24,71.72,66.0,75,93,78,43,77,52,74,48,14.3,Not Placed,432.0,72.0,B,8.0,73,Warning,True,2,Medium Risk
DS0194,Student_0194,Other,Information Technology,2,3,22,81.75,89.0,41,51,55,69,65,80,59,87,8.2,Internship,370.0,61.66666666666667,C,7.0,136,Good,True,2,Medium Risk
DS0195,Student_0195,Male,Data Science,1,4,21,88.48,83.0,88,73,67,76,27,73,54,72,16.5,Internship,414.0,69.0,C,7.0,91,Excellent,True,1,Low Risk
DS0196,Student_0196,Male,Data Science,2,3,21,75.55,72.0,72,86,54,73,89,61,69,100,7.1,Internship,446.0,74.33333333333333,B,8.0,59,Good,True,1,Low Risk
DS0197,Student_0197,Female,Artificial Intelligence,2,4,21,96.7,52.0,50,96,63,70,64,62,81,62,3.6,Internship,395.0,65.83333333333333,C,7.0,111,Excellent,True,1,Low Risk
DS0198,Student_0198,Female,Data Science,1,1,22,81.37,85.0,87,86,63,67,81,91,54,84,18.3,Not Placed,469.0,78.16666666666666,B,8.0,36,Good,False,0,Safe
DS0199,Student_0199,Male,Data Science,2,4,22,100.0,81.0,83,60,46,62,83,87,83,89,20.0,Internship,415.0,69.16666666666667,C,7.0,90,Excellent,True,1,Low Risk
DS0200,Student_0200,Female,Computer Science,2,2,23,72.07,66.0,68,64,100,78,63,82,87,80,16.7,Placed,439.0,73.16666666666667,B,8.0,66,Warning,True,1,Low Risk
DS0201,Student_0201,Male,Information Technology,1,3,24,88.11,70.0,69,61,63,92,68,83,68,83,11.5,Not Placed,423.0,70.5,B,8.0,82,Excellent,False,0,Safe
DS0202,Student_0202,Other,Artificial Intelligence,2,2,20,63.49,66.0,85,83,55,57,72,65,66,68,12.3,Placed,418.0,69.66666666666667,C,7.0,87,Critical,True,1,Low Risk
DS0203,Student_0203,Male,Data Science,1,1,22,67.63,70.0,62,48,82,81,83,75,70,100,29.5,Internship,426.0,71.0,B,8.0,79,Warning,True,2,Medium Risk
DS0204,Student_0204,Female,Computer Science,1,2,22,82.77,45.0,100,56,85,85,55,92,73,72,23.7,Internship,426.0,71.0,B,8.0,79,Good,True,1,Low Risk
DS0205,Student_0205,Male,Artificial Intelligence,1,2,21,97.17,79.0,81,60,54,61,61,95,75,62,27.0,Placed,396.0,66.0,C,7.0,110,Excellent,False,0,Safe
DS0206,Student_0206,Female,Artificial Intelligence,1,2,21,64.91,69.0,72,65,57,48,79,82,94,75,20.0,Internship,390.0,65.0,C,7.0,116,Critical,True,2,Medium Risk
DS0207,Student_0207,Other,Data Science,1,4,24,84.76,42.0,60,54,42,72,36,79,85,86,24.0,Placed,306.0,51.0,D,6.0,171,Good,True,1,Low Risk
DS0208,Student_0208,Male,Computer Science,2,1,22,72.04,70.0,75,78,72,64,65,65,53,89,16.6,Placed,424.0,70.66666666666667,B,8.0,81,Warning,True,1,Low Risk
DS0209,Student_0209,Male,Artificial Intelligence,1,1,21,80.24,57.0,82,62,49,85,62,57,80,67,29.2,Internship,397.0,66.16666666666666,C,7.0,109,Good,True,1,Low Risk
DS0210,Student_0210,Other,Data Science,1,1,24,82.69,70.0,36,75,99,94,97,55,62,64,22.3,Not Placed,471.0,78.5,B,8.0,34,Good,True,1,Low Risk
DS0211,Student_0211,Other,Data Science,2,4,23,47.13,82.0,74,50,65,59,83,48,93,68,10.7,Not Placed,413.0,68.83333333333333,C,7.0,92,Critical,True,1,Low Risk
DS0212,Student_0212,Female,Artificial Intelligence,2,2,24,94.03,95.0,89,70,66,68,73,57,83,70,2.0,Internship,461.0,76.83333333333333,B,8.0,44,Excellent,True,1,Low Risk
DS0213,Student_0213,Male,Artificial Intelligence,2,2,22,71.16,38.0,55,78,72,73,99,75,48,96,11.2,Internship,415.0,69.16666666666667,C,7.0,90,Warning,True,2,Medium Risk
DS0214,Student_0214,Other,Information Technology,1,2,21,63.87,100.0,70,85,69,70,61,63,70,65,32.1,Internship,455.0,75.83333333333333,B,8.0,50,Critical,True,1,Low Risk
DS0215,Student_0215,Male,Data Science,2,1,22,96.6,69.0,93,67,74,50,63,84,96,74,32.7,Placed,416.0,69.33333333333334,C,7.0,89,Excellent,False,0,Safe
DS0216,Student_0216,Female,Information Technology,1,4,22,61.43,63.0,59,52,100,82,65,71,65,45,23.4,Internship,421.0,70.16666666666667,B,8.0,84,Critical,True,1,Low Risk
DS0217,Student_0217,Female,Computer Science,2,1,22,92.69,66.0,81,100,65,64,72,80,41,56,26.5,Not Placed,448.0,74.66666666666667,B,8.0,57,Excellent,False,0,Safe
DS0218,Student_0218,Male,Information Technology,2,4,21,86.86,76.0,59,67,70,81,50,56,77,91,19.4,Not Placed,403.0,67.16666666666666,C,7.0,103,Excellent,False,0,Safe
DS0219,Student_0219,Male,Data Science,2,3,24,75.52,72.0,69,57,69,89,68,82,79,88,26.0,Placed,424.0,70.66666666666667,B,8.0,81,Good,False,0,Safe
DS0220,Student_0220,Male,Computer Science,1,4,22,76.21,85.0,56,56,69,63,53,92,74,100,17.2,Placed,382.0,63.66666666666667,C,7.0,124,Good,False,0,Safe
DS0221,Student_0221,Male,Information Technology,1,3,20,89.25,66.0,70,74,77,100,57,94,59,74,3.9,Internship,444.0,74.0,B,8.0,61,Excellent,True,1,Low Risk
DS0222,Student_0222,Other,Information Technology,1,2,23,69.14,51.0,86,63,53,73,62,77,86,93,11.3,Internship,388.0,64.66666666666666,C,7.0,118,Warning,True,1,Low Risk
DS0223,Student_0223,Male,Artificial Intelligence,2,4,22,73.73,84.0,58,97,53,90,60,86,87,73,16.3,Internship,442.0,73.66666666666667,B,8.0,63,Warning,True,1,Low Risk
DS0224,Student_0224,Other,Artificial Intelligence,1,4,20,88.99,81.0,72,51,58,74,88,64,69,62,7.3,Placed,424.0,70.66666666666667,B,8.0,81,Excellent,True,1,Low Risk
DS0225,Student_0225,Female,Information Technology,1,4,24,84.44,75.0,73,80,78,74,78,85,61,75,11.6,Internship,458.0,76.33333333333333,B,8.0,47,Good,False,0,Safe
DS0226,Student_0226,Other,Data Science,2,3,21,77.27,62.0,53,89,86,78,100,78,66,80,21.8,Not Placed,468.0,78.0,B,8.0,37,Good,False,0,Safe
DS0227,Student_0227,Male,Artificial Intelligence,1,2,20,100.0,68.0,97,74,74,56,76,71,50,64,15.6,Not Placed,445.0,74.16666666666667,B,8.0,60,Excellent,False,0,Safe
DS0228,Student_0228,Other,Information Technology,2,2,20,92.77,78.0,78,80,60,75,57,85,86,75,21.4,Placed,428.0,71.33333333333334,B,8.0,77,Excellent,False,0,Safe
DS0229,Student_0229,Male,Data Science,2,2,21,88.28,44.0,83,73,79,76,55,54,57,64,13.5,Not Placed,410.0,68.33333333333333,C,7.0,95,Excellent,True,1,Low Risk
DS0230,Student_0230,Other,Information Technology,1,3,20,92.3,50.0,49,58,71,52,68,68,63,92,13.9,Not Placed,348.0,57.99999999999999,D,6.0,154,Excellent,True,1,Low Risk
DS0231,Student_0231,Male,Data Science,2,3,20,88.45,87.0,76,65,77,75,85,59,87,81,6.8,Not Placed,465.0,77.5,B,8.0,40,Excellent,True,1,Low Risk
DS0232,Student_0232,Other,Computer Science,1,1,20,69.03,88.0,100,85,91,71,45,74,81,53,12.9,Internship,480.0,80.0,A,9.0,25,Warning,True,2,Medium Risk
DS0233,Student_0233,Female,Computer Science,1,1,20,93.36,93.0,54,83,63,78,86,62,75,78,19.4,Internship,457.0,76.16666666666667,B,8.0,48,Excellent,False,0,Safe
DS0234,Student_0234,Other,Artificial Intelligence,2,1,20,75.56,75.0,57,50,83,73,87,80,62,99,9.9,Internship,425.0,70.83333333333334,B,8.0,80,Good,True,1,Low Risk
DS0235,Student_0235,Female,Data Science,1,1,23,76.24,65.0,72,54,75,94,63,62,88,70,14.8,Not Placed,423.0,70.5,B,8.0,82,Good,False,0,Safe
DS0236,Student_0236,Female,Artificial Intelligence,2,2,22,73.31,64.0,41,53,84,38,59,94,60,90,6.5,Internship,339.0,56.49999999999999,D,6.0,161,Warning,True,3,High Risk
DS0237,Student_0237,Male,Information Technology,2,1,24,85.31,86.0,64,55,67,74,63,74,65,77,19.9,Internship,409.0,68.16666666666666,C,7.0,96,Excellent,False,0,Safe
DS0238,Student_0238,Female,Data Science,2,3,24,73.93,100.0,84,85,100,78,77,84,69,77,23.6,Not Placed,524.0,87.33333333333333,A,9.0,4,Warning,True,1,Low Risk
DS0239,Student_0239,Male,Artificial Intelligence,1,3,24,90.92,83.0,68,60,87,82,46,79,80,75,11.3,Placed,426.0,71.0,B,8.0,79,Excellent,True,1,Low Risk
DS0240,Student_0240,Female,Artificial Intelligence,2,1,22,67.05,66.0,70,69,42,64,71,50,66,86,27.8,Placed,382.0,63.66666666666667,C,7.0,124,Warning,True,2,Medium Risk
DS0241,Student_0241,Other,Data Science,2,4,23,89.91,82.0,48,67,74,73,78,62,66,34,11.6,Internship,422.0,70.33333333333334,B,8.0,83,Excellent,True,1,Low Risk
DS0242,Student_0242,Other,Data Science,1,1,24,80.36,62.0,55,72,69,36,73,70,76,76,14.2,Not Placed,367.0,61.16666666666667,C,7.0,139,Good,True,1,Low Risk
DS0243,Student_0243,Female,Information Technology,1,4,20,82.71,47.0,48,61,70,61,79,79,100,64,15.5,Internship,366.0,61.0,C,7.0,140,Good,True,1,Low Risk
DS0244,Student_0244,Other,Information Technology,2,2,22,87.01,76.0,70,62,47,62,54,84,58,71,3.0,Not Placed,371.0,61.83333333333333,C,7.0,135,Excellent,True,2,Medium Risk
DS0245,Student_0245,Other,Artificial Intelligence,2,3,20,75.6,63.0,76,82,59,86,47,100,79,74,2.0,Internship,413.0,68.83333333333333,C,7.0,92,Good,True,2,Medium Risk
DS0246,Student_0246,Female,Information Technology,2,2,24,80.1,40.0,72,65,53,71,72,73,87,60,35.7,Not Placed,373.0,62.16666666666667,C,7.0,133,Good,True,1,Low Risk
DS0247,Student_0247,Male,Information Technology,1,4,24,64.65,76.0,76,78,98,82,46,82,62,76,14.0,Internship,456.0,76.0,B,8.0,49,Critical,True,2,Medium Risk
DS0248,Student_0248,Other,Data Science,1,4,24,73.54,99.0,100,71,71,64,87,74,48,85,29.6,Not Placed,492.0,82.0,A,9.0,18,Warning,True,1,Low Risk
DS0249,Student_0249,Other,Artificial Intelligence,2,4,22,64.22,81.0,92,57,74,56,67,54,79,100,25.5,Placed,427.0,71.16666666666667,B,8.0,78,Critical,True,1,Low Risk
DS0250,Student_0250,Male,Information Technology,2,2,22,54.35,42.0,91,84,47,65,86,71,89,75,12.5,Internship,415.0,69.16666666666667,C,7.0,90,Critical,True,2,Medium Risk
DS0251,Student_0251,Male,Computer Science,1,4,24,65.45,83.0,85,90,83,86,81,60,67,78,26.1,Placed,508.0,84.66666666666667,A,9.0,8,Warning,True,1,Low Risk
DS0252,Student_0252,Female,Artificial Intelligence,1,4,24,81.94,69.0,85,86,67,79,66,99,69,81,19.8,Internship,452.0,75.33333333333333,B,8.0,53,Good,False,0,Safe
DS0253,Student_0253,Male,Computer Science,2,2,21,80.15,54.0,78,49,61,86,75,84,61,75,13.8,Placed,403.0,67.16666666666666,C,7.0,103,Good,True,1,Low Risk
DS0254,Student_0254,Male,Information Technology,2,3,22,95.68,46.0,56,94,76,50,47,80,79,54,22.6,Internship,369.0,61.5,C,7.0,137,Excellent,True,1,Low Risk
DS0255,Student_0255,Male,Artificial Intelligence,2,3,20,99.27,65.0,83,58,73,75,68,90,60,83,10.8,Placed,422.0,70.33333333333334,B,8.0,83,Excellent,False,0,Safe
DS0256,Student_0256,Other,Data Science,1,4,23,88.61,52.0,86,44,84,66,67,76,53,72,25.7,Placed,399.0,66.5,C,7.0,107,Excellent,True,1,Low Risk
DS0257,Student_0257,Other,Data Science,2,1,24,79.46,95.0,81,52,77,83,81,65,43,80,17.3,Not Placed,469.0,78.16666666666666,B,8.0,36,Good,False,0,Safe
DS0258,Student_0258,Male,Artificial Intelligence,2,2,24,82.44,78.0,50,80,100,71,69,63,63,74,25.4,Not Placed,448.0,74.66666666666667,B,8.0,57,Good,False,0,Safe
DS0259,Student_0259,Other,Computer Science,1,1,23,100.0,97.0,77,64,100,64,61,54,93,76,21.6,Placed,463.0,77.16666666666666,B,8.0,42,Excellent,False,0,Safe
DS0260,Student_0260,Female,Data Science,1,1,20,81.59,45.0,92,82,69,80,59,47,84,92,11.1,Not Placed,427.0,71.16666666666667,B,8.0,78,Good,True,1,Low Risk
DS0261,Student_0261,Male,Information Technology,2,4,22,68.89,75.0,66,75,61,57,86,93,81,85,24.3,Internship,420.0,70.0,B,8.0,85,Warning,True,1,Low Risk
DS0262,Student_0262,Other,Information Technology,2,4,23,99.98,60.0,68,67,51,66,90,73,62,70,5.7,Placed,402.0,67.0,C,7.0,104,Excellent,True,1,Low Risk
DS0263,Student_0263,Other,Computer Science,2,1,22,84.18,91.0,64,91,71,91,74,71,100,61,16.0,Placed,482.0,80.33333333333333,A,9.0,23,Good,False,0,Safe
DS0264,Student_0264,Male,Information Technology,2,2,21,81.64,70.0,76,64,75,67,46,82,79,83,2.5,Not Placed,398.0,66.33333333333333,C,7.0,108,Good,True,2,Medium Risk
DS0265,Student_0265,Male,Computer Science,1,3,21,74.62,50.0,100,54,79,60,71,59,76,56,19.0,Not Placed,414.0,69.0,C,7.0,91,Warning,True,1,Low Risk
DS0266,Student_0266,Female,Information Technology,1,4,22,78.01,100.0,90,81,69,41,50,59,53,74,9.8,Placed,431.0,71.83333333333334,B,8.0,74,Good,True,2,Medium Risk
DS0267,Student_0267,Male,Artificial Intelligence,2,3,22,88.02,59.0,58,78,67,67,79,72,73,63,10.0,Internship,408.0,68.0,C,7.0,97,Excellent,False,0,Safe
DS0268,Student_0268,Male,Information Technology,2,3,24,96.64,82.0,77,77,74,71,80,78,81,79,17.7,Placed,461.0,76.83333333333333,B,8.0,44,Excellent,False,0,Safe
DS0269,Student_0269,Female,Data Science,2,3,21,74.31,59.0,81,100,64,71,63,51,60,49,20.4,Not Placed,438.0,73.0,B,8.0,67,Warning,True,1,Low Risk
DS0270,Student_0270,Other,Data Science,2,4,22,89.09,100.0,64,45,83,59,89,71,64,72,7.1,Placed,440.0,73.33333333333333,B,8.0,65,Excellent,True,2,Medium Risk
DS0271,Student_0271,Other,Computer Science,1,3,21,85.35,76.0,43,63,81,75,79,88,83,68,6.6,Placed,417.0,69.5,C,7.0,88,Excellent,True,2,Medium Risk
DS0272,Student_0272,Male,Computer Science,1,3,23,57.77,76.0,78,86,56,56,77,60,92,100,7.5,Not Placed,429.0,71.5,B,8.0,76,Critical,True,2,Medium Risk
DS0273,Student_0273,Female,Information Technology,1,3,24,77.95,65.0,71,97,63,63,93,50,56,87,15.7,Not Placed,452.0,75.33333333333333,B,8.0,53,Good,False,0,Safe
DS0274,Student_0274,Other,Computer Science,1,2,24,84.84,65.0,59,67,75,85,31,79,67,67,14.3,Placed,382.0,63.66666666666667,C,7.0,124,Good,True,1,Low Risk
DS0275,Student_0275,Male,Computer Science,2,4,21,77.47,87.0,59,69,73,93,65,70,68,87,17.6,Not Placed,446.0,74.33333333333333,B,8.0,59,Good,False,0,Safe
DS0276,Student_0276,Male,Artificial Intelligence,1,3,23,78.34,74.0,53,55,100,67,58,70,69,54,15.4,Internship,407.0,67.83333333333333,C,7.0,99,Good,False,0,Safe
DS0277,Student_0277,Other,Data Science,1,1,24,71.1,74.0,98,71,35,69,100,54,66,76,2.9,Placed,447.0,74.5,B,8.0,58,Warning,True,3,High Risk
DS0278,Student_0278,Other,Artificial Intelligence,1,1,20,66.89,53.0,70,64,76,52,81,81,96,79,19.9,Not Placed,396.0,66.0,C,7.0,110,Warning,True,1,Low Risk
DS0279,Student_0279,Male,Computer Science,1,1,23,83.56,70.0,55,63,52,51,76,67,93,79,24.7,Internship,367.0,61.16666666666667,C,7.0,139,Good,False,0,Safe
DS0280,Student_0280,Male,Artificial Intelligence,1,1,20,67.32,59.0,71,55,64,66,59,84,48,54,28.5,Not Placed,374.0,62.33333333333333,C,7.0,132,Warning,True,1,Low Risk
DS0281,Student_0281,Other,Data Science,2,2,23,67.43,60.0,75,80,80,47,67,59,49,95,33.0,Not Placed,409.0,68.16666666666666,C,7.0,96,Warning,True,2,Medium Risk
DS0282,Student_0282,Male,Computer Science,2,1,20,76.21,63.0,50,36,66,65,60,58,81,75,22.2,Internship,340.0,56.666666666666664,D,6.0,160,Good,True,1,Low Risk
DS0283,Student_0283,Other,Information Technology,1,4,22,82.5,82.0,49,48,59,54,81,92,79,76,26.4,Not Placed,373.0,62.16666666666667,C,7.0,133,Good,True,1,Low Risk
DS0284,Student_0284,Male,Information Technology,2,2,22,79.52,72.0,65,57,81,89,69,64,100,74,13.1,Internship,433.0,72.16666666666667,B,8.0,72,Good,False,0,Safe
DS0285,Student_0285,Female,Information Technology,1,4,20,74.54,70.0,40,59,85,61,58,71,59,60,8.7,Placed,373.0,62.16666666666667,C,7.0,133,Warning,True,3,High Risk
DS0286,Student_0286,Other,Information Technology,2,1,23,76.95,61.0,54,47,73,74,96,86,83,79,14.2,Not Placed,405.0,67.5,C,7.0,101,Good,True,1,Low Risk
DS0287,Student_0287,Male,Artificial Intelligence,1,2,22,67.59,65.0,49,58,61,53,77,70,61,84,11.2,Not Placed,363.0,60.5,C,7.0,143,Warning,True,2,Medium Risk
DS0288,Student_0288,Male,Artificial Intelligence,1,3,21,76.31,85.0,66,60,51,74,83,70,79,62,24.2,Internship,419.0,69.83333333333334,C,7.0,86,Good,False,0,Safe
DS0289,Student_0289,Male,Computer Science,2,4,24,80.06,75.0,74,80,96,73,68,77,77,54,5.2,Internship,466.0,77.66666666666666,B,8.0,39,Good,True,1,Low Risk
DS0290,Student_0290,Female,Information Technology,2,1,20,87.14,57.0,56,60,80,67,73,64,74,100,15.9,Not Placed,393.0,65.5,C,7.0,113,Excellent,False,0,Safe
DS0291,Student_0291,Other,Artificial Intelligence,1,4,23,73.21,60.0,67,71,68,70,48,72,72,88,15.3,Not Placed,384.0,64.0,C,7.0,122,Warning,True,2,Medium Risk
DS0292,Student_0292,Other,Artificial Intelligence,1,1,22,92.76,76.0,62,79,76,83,81,65,62,77,18.9,Internship,457.0,76.16666666666667,B,8.0,48,Excellent,False,0,Safe
DS0293,Student_0293,Female,Artificial Intelligence,2,2,24,70.1,58.0,69,69,37,67,68,35,64,69,12.4,Internship,368.0,61.33333333333333,C,7.0,138,Warning,True,2,Medium Risk
DS0294,Student_0294,Other,Artificial Intelligence,1,2,22,89.06,87.0,83,71,64,85,70,100,72,63,7.7,Internship,460.0,76.66666666666667,B,8.0,45,Excellent,True,1,Low Risk
DS0295,Student_0295,Other,Data Science,1,4,23,100.0,78.0,44,78,82,77,67,69,83,38,24.9,Placed,426.0,71.0,B,8.0,79,Excellent,True,1,Low Risk
DS0296,Student_0296,Other,Artificial Intelligence,1,2,20,91.7,92.0,70,78,78,60,78,64,60,65,21.1,Not Placed,456.0,76.0,B,8.0,49,Excellent,False,0,Safe
DS0297,Student_0297,Other,Data Science,2,4,23,70.8,55.0,75,81,69,85,65,80,70,59,11.7,Not Placed,430.0,71.66666666666667,B,8.0,75,Warning,True,1,Low Risk
DS0298,Student_0298,Female,Artificial Intelligence,2,4,24,57.91,91.0,73,55,75,68,100,76,100,73,3.9,Internship,462.0,77.0,B,8.0,43,Critical,True,2,Medium Risk
DS0299,Student_0299,Female,Artificial Intelligence,1,4,23,85.47,64.0,92,76,57,60,62,55,52,82,6.6,Placed,411.0,68.5,C,7.0,94,Excellent,True,1,Low Risk
DS0300,Student_0300,Female,Information Technology,2,4,20,71.05,67.0,75,53,55,69,78,58,64,81,18.4,Internship,397.0,66.16666666666666,C,7.0,109,Warning,True,1,Low Risk
DS0301,Student_0301,Other,Data Science,1,4,24,75.59,39.0,58,88,71,49,100,64,100,90,21.8,Placed,405.0,67.5,C,7.0,101,Good,True,1,Low Risk
DS0302,Student_0302,Male,Artificial Intelligence,2,3,21,56.13,79.0,55,89,57,74,45,83,100,95,14.2,Internship,399.0,66.5,C,7.0,107,Critical,True,2,Medium Risk
DS0303,Student_0303,Other,Information Technology,1,2,23,80.61,70.0,83,87,65,71,75,95,90,82,28.0,Internship,451.0,75.16666666666667,B,8.0,54,Good,False,0,Safe
DS0304,Student_0304,Other,Artificial Intelligence,1,1,20,71.98,64.0,94,78,100,52,60,88,89,85,9.3,Internship,448.0,74.66666666666667,B,8.0,57,Warning,True,2,Medium Risk
DS0305,Student_0305,Female,Information Technology,2,1,20,66.55,91.0,88,79,73,73,69,62,56,63,17.6,Placed,473.0,78.83333333333333,B,8.0,32,Warning,True,1,Low Risk
DS0306,Student_0306,Female,Data Science,1,4,21,70.51,70.0,73,78,61,92,66,89,45,91,26.6,Internship,440.0,73.33333333333333,B,8.0,65,Warning,True,1,Low Risk
DS0307,Student_0307,Female,Data Science,2,2,20,93.9,64.0,74,87,63,83,60,72,52,58,18.8,Placed,431.0,71.83333333333334,B,8.0,74,Excellent,False,0,Safe
DS0308,Student_0308,Male,Data Science,1,2,20,89.57,98.0,76,64,81,66,64,68,65,100,11.0,Internship,449.0,74.83333333333333,B,8.0,56,Excellent,False,0,Safe
DS0309,Student_0309,Female,Data Science,1,4,21,76.86,60.0,68,76,63,46,57,65,97,72,12.9,Placed,370.0,61.66666666666667,C,7.0,136,Good,True,1,Low Risk
DS0310,Student_0310,Female,Computer Science,2,1,23,83.92,86.0,59,61,70,70,74,75,72,78,15.8,Internship,420.0,70.0,B,8.0,85,Good,False,0,Safe
DS0311,Student_0311,Male,Computer Science,2,1,22,68.8,69.0,79,62,56,100,59,68,87,82,20.0,Placed,425.0,70.83333333333334,B,8.0,80,Warning,True,1,Low Risk
DS0312,Student_0312,Female,Computer Science,1,1,21,80.35,43.0,98,52,93,85,79,71,41,91,15.4,Placed,450.0,75.0,B,8.0,55,Good,True,1,Low Risk
DS0313,Student_0313,Other,Artificial Intelligence,1,3,21,81.07,63.0,62,75,57,36,76,53,56,63,21.9,Not Placed,369.0,61.5,C,7.0,137,Good,True,1,Low Risk
DS0314,Student_0314,Female,Artificial Intelligence,2,4,24,85.38,65.0,63,99,75,75,64,72,69,86,5.1,Placed,441.0,73.5,B,8.0,64,Excellent,True,1,Low Risk
DS0315,Student_0315,Other,Artificial Intelligence,2,4,23,100.0,61.0,53,97,83,37,47,79,79,64,21.1,Placed,378.0,63.0,C,7.0,128,Excellent,True,1,Low Risk
DS0316,Student_0316,Male,Computer Science,2,2,20,66.06,64.0,66,79,46,94,73,78,72,68,8.9,Not Placed,422.0,70.33333333333334,B,8.0,83,Warning,True,3,High Risk
DS0317,Student_0317,Male,Computer Science,2,3,23,79.33,51.0,69,63,60,93,69,49,93,72,21.2,Not Placed,405.0,67.5,C,7.0,101,Good,False,0,Safe
DS0318,Student_0318,Other,Information Technology,1,3,20,62.94,59.0,68,57,89,75,76,64,56,85,17.2,Not Placed,424.0,70.66666666666667,B,8.0,81,Critical,True,1,Low Risk
DS0319,Student_0319,Female,Information Technology,2,1,20,90.17,49.0,67,48,69,45,78,68,84,54,9.3,Not Placed,356.0,59.333333333333336,D,6.0,148,Excellent,True,2,Medium Risk
DS0320,Student_0320,Female,Artificial Intelligence,1,1,22,80.08,75.0,38,69,55,72,54,63,68,54,18.8,Internship,363.0,60.5,C,7.0,143,Good,True,1,Low Risk
DS0321,Student_0321,Female,Artificial Intelligence,2,4,21,72.6,79.0,100,61,66,61,73,89,80,74,13.8,Placed,440.0,73.33333333333333,B,8.0,65,Warning,True,1,Low Risk
DS0322,Student_0322,Female,Data Science,2,3,23,73.8,100.0,58,74,59,97,83,86,77,78,15.7,Internship,471.0,78.5,B,8.0,34,Warning,True,1,Low Risk
DS0323,Student_0323,Male,Data Science,1,1,20,69.16,76.0,73,71,60,95,54,63,57,79,6.4,Internship,429.0,71.5,B,8.0,76,Warning,True,2,Medium Risk
DS0324,Student_0324,Other,Data Science,2,1,20,99.22,63.0,38,74,62,48,86,86,56,61,20.2,Internship,371.0,61.83333333333333,C,7.0,135,Excellent,True,1,Low Risk
DS0325,Student_0325,Female,Information Technology,2,3,24,59.13,66.0,67,89,59,71,84,59,76,72,16.5,Internship,436.0,72.66666666666667,B,8.0,69,Critical,True,1,Low Risk
DS0326,Student_0326,Male,Artificial Intelligence,1,1,24,62.01,86.0,52,66,73,59,91,74,77,61,18.1,Placed,427.0,71.16666666666667,B,8.0,78,Critical,True,1,Low Risk
DS0327,Student_0327,Female,Information Technology,1,1,23,76.35,53.0,80,86,74,42,55,93,74,62,23.0,Placed,390.0,65.0,C,7.0,116,Good,True,1,Low Risk
DS0328,Student_0328,Male,Computer Science,2,4,24,87.73,60.0,60,75,97,94,75,63,76,71,19.5,Not Placed,461.0,76.83333333333333,B,8.0,44,Excellent,False,0,Safe
DS0329,Student_0329,Female,Artificial Intelligence,2,4,21,83.74,72.0,25,73,80,77,68,81,87,80,9.7,Not Placed,395.0,65.83333333333333,C,7.0,111,Good,True,2,Medium Risk
DS0330,Student_0330,Male,Computer Science,1,3,24,86.07,33.0,63,81,65,82,72,97,46,68,21.9,Internship,396.0,66.0,C,7.0,110,Excellent,True,1,Low Risk
DS0331,Student_0331,Female,Artificial Intelligence,1,1,24,88.91,93.0,74,66,81,83,65,75,71,83,15.2,Not Placed,462.0,77.0,B,8.0,43,Excellent,False,0,Safe
DS0332,Student_0332,Male,Artificial Intelligence,2,2,20,73.39,73.0,54,89,53,64,71,99,29,59,35.1,Placed,404.0,67.33333333333333,C,7.0,102,Warning,True,1,Low Risk
DS0333,Student_0333,Female,Information Technology,1,2,22,71.62,79.0,53,69,71,83,98,59,45,51,9.7,Placed,453.0,75.5,B,8.0,52,Warning,True,2,Medium Risk
DS0334,Student_0334,Female,Computer Science,2,4,22,90.57,52.0,75,52,25,54,63,74,71,62,15.6,Placed,321.0,53.5,D,6.0,170,Excellent,True,1,Low Risk
DS0335,Student_0335,Male,Artificial Intelligence,1,2,23,69.59,59.0,73,66,56,85,76,76,62,60,4.6,Placed,415.0,69.16666666666667,C,7.0,90,Warning,True,2,Medium Risk
DS0336,Student_0336,Female,Information Technology,2,4,20,49.27,65.0,79,60,100,83,90,68,80,77,17.9,Placed,477.0,79.5,B,8.0,28,Critical,True,1,Low Risk
DS0337,Student_0337,Female,Information Technology,2,2,20,72.21,90.0,76,82,56,54,94,64,52,52,14.6,Placed,452.0,75.33333333333333,B,8.0,53,Warning,True,1,Low Risk
DS0338,Student_0338,Female,Information Technology,2,2,20,92.95,61.0,87,74,74,59,68,75,83,67,3.3,Placed,423.0,70.5,B,8.0,82,Excellent,True,1,Low Risk
DS0339,Student_0339,Other,Computer Science,2,4,23,93.31,74.0,81,79,76,65,58,61,63,99,22.1,Internship,433.0,72.16666666666667,B,8.0,72,Excellent,False,0,Safe
DS0340,Student_0340,Female,Computer Science,2,2,23,76.14,65.0,74,72,29,56,69,59,76,70,14.9,Not Placed,365.0,60.83333333333333,C,7.0,141,Good,True,1,Low Risk
DS0341,Student_0341,Male,Information Technology,2,2,23,76.75,66.0,100,36,64,70,58,73,70,73,14.7,Not Placed,394.0,65.66666666666666,C,7.0,112,Good,True,1,Low Risk
DS0342,Student_0342,Other,Artificial Intelligence,1,2,22,100.0,74.0,81,52,54,44,83,65,74,87,9.1,Placed,388.0,64.66666666666666,C,7.0,118,Excellent,True,2,Medium Risk
DS0343,Student_0343,Female,Computer Science,2,4,20,62.02,62.0,73,100,75,94,88,99,75,35,13.6,Internship,492.0,82.0,A,9.0,18,Critical,True,1,Low Risk
DS0344,Student_0344,Female,Information Technology,2,4,23,69.8,80.0,66,81,57,50,69,79,73,51,6.8,Not Placed,403.0,67.16666666666666,C,7.0,103,Warning,True,2,Medium Risk
DS0345,Student_0345,Male,Computer Science,2,4,24,84.2,70.0,100,79,44,25,81,87,65,68,16.2,Placed,399.0,66.5,C,7.0,107,Good,True,1,Low Risk
DS0346,Student_0346,Male,Artificial Intelligence,1,2,22,80.81,78.0,70,85,63,50,100,69,71,74,17.2,Internship,446.0,74.33333333333333,B,8.0,59,Good,False,0,Safe
DS0347,Student_0347,Male,Artificial Intelligence,2,4,24,89.1,35.0,98,68,79,49,63,65,65,71,25.0,Not Placed,392.0,65.33333333333333,C,7.0,114,Excellent,True,1,Low Risk
DS0348,Student_0348,Female,Information Technology,2,1,20,94.41,42.0,50,41,54,58,46,81,74,59,5.2,Not Placed,291.0,48.5,F,5.0,172,Excellent,True,4,High Risk
DS0349,Student_0349,Female,Artificial Intelligence,2,1,20,100.0,53.0,69,83,84,79,59,48,68,93,5.7,Placed,427.0,71.16666666666667,B,8.0,78,Excellent,True,1,Low Risk
DS0350,Student_0350,Male,Computer Science,1,2,23,69.21,60.0,62,67,46,79,80,70,100,76,7.7,Not Placed,394.0,65.66666666666666,C,7.0,112,Warning,True,3,High Risk
DS0351,Student_0351,Other,Computer Science,2,3,21,73.5,73.0,50,52,54,63,84,79,62,70,19.1,Placed,376.0,62.66666666666667,C,7.0,130,Warning,True,1,Low Risk
DS0352,Student_0352,Male,Data Science,2,3,23,69.74,65.0,73,94,67,88,78,73,81,93,18.2,Placed,465.0,77.5,B,8.0,40,Warning,True,1,Low Risk
DS0353,Student_0353,Other,Computer Science,1,2,23,73.84,63.0,39,71,70,73,100,73,60,82,18.5,Not Placed,416.0,69.33333333333334,C,7.0,89,Warning,True,2,Medium Risk
DS0354,Student_0354,Male,Data Science,1,1,20,82.25,54.0,88,72,44,69,74,55,50,91,24.4,Placed,401.0,66.83333333333333,C,7.0,105,Good,True,1,Low Risk
DS0355,Student_0355,Female,Information Technology,2,2,20,83.08,75.0,92,86,80,56,96,49,82,60,18.6,Not Placed,485.0,80.83333333333333,A,9.0,22,Good,False,0,Safe
DS0356,Student_0356,Female,Computer Science,1,3,21,93.56,62.0,66,59,68,98,91,62,70,47,23.9,Placed,444.0,74.0,B,8.0,61,Excellent,False,0,Safe
DS0357,Student_0357,Female,Computer Science,1,1,24,72.2,100.0,71,38,79,56,60,76,65,58,13.7,Internship,404.0,67.33333333333333,C,7.0,102,Warning,True,2,Medium Risk
DS0358,Student_0358,Male,Artificial Intelligence,2,3,23,93.52,75.0,67,49,85,29,63,64,80,77,4.0,Internship,368.0,61.33333333333333,C,7.0,138,Excellent,True,2,Medium Risk
DS0359,Student_0359,Female,Data Science,1,3,23,73.23,99.0,48,76,76,74,63,64,78,91,13.6,Internship,436.0,72.66666666666667,B,8.0,69,Warning,True,2,Medium Risk
DS0360,Student_0360,Other,Artificial Intelligence,2,1,23,60.18,82.0,71,57,66,66,60,81,59,79,21.5,Not Placed,402.0,67.0,C,7.0,104,Critical,True,1,Low Risk
DS0361,Student_0361,Female,Information Technology,2,3,20,70.68,51.0,49,95,75,64,56,91,65,59,13.0,Not Placed,390.0,65.0,C,7.0,116,Warning,True,2,Medium Risk
DS0362,Student_0362,Female,Data Science,1,1,21,92.17,31.0,68,67,82,42,87,52,82,63,4.4,Placed,377.0,62.83333333333333,C,7.0,129,Excellent,True,2,Medium Risk
DS0363,Student_0363,Male,Artificial Intelligence,1,1,24,67.41,53.0,70,58,76,43,38,74,87,81,17.0,Placed,338.0,56.333333333333336,D,6.0,162,Warning,True,2,Medium Risk
DS0364,Student_0364,Female,Computer Science,2,1,21,89.62,86.0,59,70,70,66,64,60,68,70,18.5,Internship,415.0,69.16666666666667,C,7.0,90,Excellent,False,0,Safe
DS0365,Student_0365,Male,Information Technology,2,2,21,80.47,38.0,83,60,88,63,69,81,73,87,11.2,Not Placed,401.0,66.83333333333333,C,7.0,105,Good,True,1,Low Risk
DS0366,Student_0366,Other,Data Science,2,2,24,100.0,55.0,60,71,67,81,90,79,79,54,16.0,Placed,424.0,70.66666666666667,B,8.0,81,Excellent,False,0,Safe
DS0367,Student_0367,Female,Data Science,1,2,23,78.37,78.0,66,86,100,56,55,75,59,88,13.3,Not Placed,441.0,73.5,B,8.0,64,Good,False,0,Safe
DS0368,Student_0368,Female,Data Science,2,2,23,77.6,66.0,79,67,66,70,82,64,81,77,6.0,Not Placed,430.0,71.66666666666667,B,8.0,75,Good,True,1,Low Risk
DS0369,Student_0369,Female,Data Science,1,2,20,80.14,65.0,69,62,92,77,91,75,51,66,13.7,Internship,456.0,76.0,B,8.0,49,Good,False,0,Safe
DS0370,Student_0370,Male,Data Science,2,2,24,81.35,76.0,77,61,77,67,27,98,60,75,6.9,Internship,385.0,64.16666666666667,C,7.0,121,Good,True,2,Medium Risk
DS0371,Student_0371,Female,Artificial Intelligence,2,4,21,54.59,94.0,69,71,90,80,57,74,49,99,17.2,Placed,461.0,76.83333333333333,B,8.0,44,Critical,True,1,Low Risk
DS0372,Student_0372,Female,Artificial Intelligence,2,4,24,68.52,56.0,60,42,54,85,100,100,69,100,25.8,Not Placed,397.0,66.16666666666666,C,7.0,109,Warning,True,2,Medium Risk
DS0373,Student_0373,Other,Data Science,2,2,21,79.98,44.0,60,60,69,69,100,76,56,76,19.6,Not Placed,402.0,67.0,C,7.0,104,Good,True,1,Low Risk
DS0374,Student_0374,Female,Data Science,1,1,22,74.26,75.0,79,91,84,71,52,60,54,50,14.4,Placed,452.0,75.33333333333333,B,8.0,53,Warning,True,1,Low Risk
DS0375,Student_0375,Other,Artificial Intelligence,1,4,21,71.43,48.0,55,64,50,76,81,63,89,88,20.2,Placed,374.0,62.33333333333333,C,7.0,132,Warning,True,2,Medium Risk
DS0376,Student_0376,Female,Information Technology,2,3,23,76.26,84.0,40,90,76,85,76,88,48,66,30.3,Not Placed,451.0,75.16666666666667,B,8.0,54,Good,True,1,Low Risk
DS0377,Student_0377,Female,Information Technology,1,2,21,89.87,61.0,66,57,75,59,67,90,74,100,23.4,Internship,385.0,64.16666666666667,C,7.0,121,Excellent,False,0,Safe
DS0378,Student_0378,Male,Data Science,2,3,24,65.1,75.0,57,69,91,96,92,52,75,82,22.3,Internship,480.0,80.0,A,9.0,25,Warning,True,1,Low Risk
DS0379,Student_0379,Male,Computer Science,2,2,21,93.3,77.0,78,55,68,47,40,65,80,65,3.1,Placed,365.0,60.83333333333333,C,7.0,141,Excellent,True,2,Medium Risk
DS0380,Student_0380,Other,Data Science,2,4,24,84.55,72.0,63,63,100,47,76,60,60,88,28.4,Placed,421.0,70.16666666666667,B,8.0,84,Good,True,1,Low Risk
DS0381,Student_0381,Other,Information Technology,1,1,24,84.77,77.0,57,75,100,72,92,63,59,89,24.3,Internship,473.0,78.83333333333333,B,8.0,32,Good,False,0,Safe
DS0382,Student_0382,Female,Information Technology,1,1,20,77.87,93.0,97,72,65,90,81,74,88,86,25.3,Internship,498.0,83.0,A,9.0,13,Good,False,0,Safe
DS0383,Student_0383,Male,Data Science,1,3,22,70.23,41.0,74,80,47,60,57,82,80,80,18.8,Internship,359.0,59.833333333333336,D,6.0,145,Warning,True,2,Medium Risk
DS0384,Student_0384,Male,Data Science,1,4,20,82.41,75.0,95,87,54,82,83,76,41,73,11.3,Internship,476.0,79.33333333333333,B,8.0,29,Good,False,0,Safe
DS0385,Student_0385,Female,Artificial Intelligence,2,4,23,79.94,52.0,92,78,70,62,74,88,42,74,13.0,Placed,428.0,71.33333333333334,B,8.0,77,Good,False,0,Safe
DS0386,Student_0386,Other,Data Science,2,2,22,80.06,68.0,62,72,99,65,74,100,83,79,15.5,Internship,440.0,73.33333333333333,B,8.0,65,Good,False,0,Safe
DS0387,Student_0387,Other,Information Technology,1,3,22,71.98,61.0,71,83,70,65,66,80,94,92,7.2,Placed,416.0,69.33333333333334,C,7.0,89,Warning,True,2,Medium Risk
DS0388,Student_0388,Female,Artificial Intelligence,1,2,24,85.25,66.0,56,66,94,49,46,92,45,92,13.8,Internship,377.0,62.83333333333333,C,7.0,129,Excellent,True,1,Low Risk
DS0389,Student_0389,Other,Data Science,1,4,23,89.33,81.0,50,70,74,87,46,94,63,88,25.5,Not Placed,408.0,68.0,C,7.0,97,Excellent,True,1,Low Risk
DS0390,Student_0390,Female,Data Science,1,3,21,88.59,45.0,79,84,66,52,84,65,61,76,23.0,Internship,410.0,68.33333333333333,C,7.0,95,Excellent,True,1,Low Risk
DS0391,Student_0391,Other,Data Science,2,1,22,83.88,100.0,47,75,54,85,56,82,71,55,21.1,Internship,417.0,69.5,C,7.0,88,Good,True,1,Low Risk
DS0392,Student_0392,Female,Computer Science,2,2,24,100.0,69.0,87,59,46,69,89,59,61,83,3.0,Internship,419.0,69.83333333333334,C,7.0,86,Excellent,True,2,Medium Risk
DS0393,Student_0393,Male,Artificial Intelligence,2,4,20,89.68,89.0,79,83,78,68,54,97,77,88,13.9,Not Placed,451.0,75.16666666666667,B,8.0,54,Excellent,False,0,Safe
DS0394,Student_0394,Male,Artificial Intelligence,2,1,22,88.05,63.0,77,64,74,54,57,67,72,96,21.7,Internship,389.0,64.83333333333333,C,7.0,117,Excellent,False,0,Safe
DS0395,Student_0395,Male,Artificial Intelligence,2,1,24,89.41,82.0,99,59,55,59,66,80,62,83,21.1,Not Placed,420.0,70.0,B,8.0,85,Excellent,False,0,Safe
DS0396,Student_0396,Male,Artificial Intelligence,1,1,20,82.05,58.0,63,37,54,59,71,81,78,75,5.2,Not Placed,342.0,56.99999999999999,D,6.0,158,Good,True,2,Medium Risk
DS0397,Student_0397,Male,Computer Science,1,2,24,70.33,61.0,64,64,71,91,82,87,69,53,19.2,Placed,433.0,72.16666666666667,B,8.0,72,Warning,True,1,Low Risk
DS0398,Student_0398,Female,Information Technology,1,3,23,69.27,73.0,67,69,59,79,69,41,80,56,16.9,Internship,416.0,69.33333333333334,C,7.0,89,Warning,True,1,Low Risk
DS0399,Student_0399,Female,Computer Science,2,1,23,88.62,76.0,79,52,69,95,96,72,80,65,14.8,Not Placed,467.0,77.83333333333333,B,8.0,38,Excellent,False,0,Safe
DS0400,Student_0400,Male,Data Science,2,4,23,70.72,72.0,74,77,61,50,94,82,92,56,15.1,Internship,428.0,71.33333333333334,B,8.0,77,Warning,True,1,Low Risk
DS0401,Student_0401,Female,Information Technology,2,3,21,69.85,73.0,83,65,47,79,87,90,77,82,26.5,Internship,434.0,72.33333333333334,B,8.0,71,Warning,True,2,Medium Risk
DS0402,Student_0402,Other,Information Technology,2,4,23,91.22,54.0,62,72,62,82,67,80,78,79,14.7,Not Placed,399.0,66.5,C,7.0,107,Excellent,False,0,Safe
DS0403,Student_0403,Male,Information Technology,1,2,21,77.41,59.0,74,65,95,90,79,76,75,82,22.4,Internship,462.0,77.0,B,8.0,43,Good,False,0,Safe
DS0404,Student_0404,Male,Information Technology,1,4,20,100.0,60.0,60,92,82,64,68,77,81,49,12.6,Placed,426.0,71.0,B,8.0,79,Excellent,False,0,Safe
DS0405,Student_0405,Female,Computer Science,2,3,24,79.9,88.0,76,25,80,99,40,39,78,92,18.5,Internship,408.0,68.0,C,7.0,97,Good,True,1,Low Risk
DS0406,Student_0406,Male,Computer Science,1,4,22,60.88,79.0,64,42,80,96,87,75,77,53,21.4,Placed,448.0,74.66666666666667,B,8.0,57,Critical,True,2,Medium Risk
DS0407,Student_0407,Female,Artificial Intelligence,2,4,22,76.83,79.0,62,67,41,65,70,79,87,73,18.2,Not Placed,384.0,64.0,C,7.0,122,Good,True,1,Low Risk
DS0408,Student_0408,Other,Artificial Intelligence,2,1,23,60.25,67.0,60,78,62,76,70,80,75,87,12.3,Internship,413.0,68.83333333333333,C,7.0,92,Critical,True,1,Low Risk
DS0409,Student_0409,Female,Computer Science,1,1,22,100.0,98.0,64,57,55,44,93,69,67,96,20.6,Internship,411.0,68.5,C,7.0,94,Excellent,True,1,Low Risk
DS0410,Student_0410,Other,Computer Science,1,1,21,68.06,100.0,74,64,61,42,66,78,87,81,17.2,Not Placed,407.0,67.83333333333333,C,7.0,99,Warning,True,2,Medium Risk
DS0411,Student_0411,Male,Data Science,2,2,22,92.44,58.0,83,25,76,100,47,82,74,86,16.1,Placed,389.0,64.83333333333333,C,7.0,117,Excellent,True,1,Low Risk
DS0412,Student_0412,Female,Information Technology,1,3,20,96.45,100.0,72,73,44,62,87,75,66,47,19.2,Placed,438.0,73.0,B,8.0,67,Excellent,True,1,Low Risk
DS0413,Student_0413,Male,Computer Science,1,1,22,58.17,80.0,43,87,81,87,79,52,60,73,18.7,Internship,457.0,76.16666666666667,B,8.0,48,Critical,True,2,Medium Risk
DS0414,Student_0414,Female,Data Science,2,4,21,100.0,75.0,87,87,57,74,57,83,63,100,13.6,Placed,437.0,72.83333333333334,B,8.0,68,Excellent,False,0,Safe
DS0415,Student_0415,Female,Computer Science,2,1,23,100.0,72.0,63,95,68,72,88,79,73,77,25.2,Internship,458.0,76.33333333333333,B,8.0,47,Excellent,False,0,Safe
DS0416,Student_0416,Male,Artificial Intelligence,2,2,21,71.26,61.0,66,47,52,62,69,95,88,75,12.9,Not Placed,357.0,59.5,D,6.0,147,Warning,True,2,Medium Risk
DS0417,Student_0417,Female,Computer Science,2,3,24,88.41,87.0,55,76,100,73,58,91,67,69,9.3,Internship,449.0,74.83333333333333,B,8.0,56,Excellent,True,1,Low Risk
DS0418,Student_0418,Male,Computer Science,2,2,24,83.27,68.0,62,55,98,77,79,70,78,80,13.3,Placed,439.0,73.16666666666667,B,8.0,66,Good,False,0,Safe
DS0419,Student_0419,Male,Data Science,1,4,20,66.69,50.0,72,67,42,78,84,78,75,62,14.8,Placed,393.0,65.5,C,7.0,113,Warning,True,2,Medium Risk
DS0420,Student_0420,Male,Artificial Intelligence,2,3,20,97.27,40.0,84,58,69,49,61,85,86,96,20.0,Not Placed,361.0,60.16666666666667,C,7.0,144,Excellent,True,1,Low Risk
DS0421,Student_0421,Female,Information Technology,2,3,20,93.64,69.0,85,86,80,48,57,94,89,93,8.7,Not Placed,425.0,70.83333333333334,B,8.0,80,Excellent,True,2,Medium Risk
DS0422,Student_0422,Male,Information Technology,1,4,24,82.13,77.0,61,45,66,90,77,75,52,91,12.5,Internship,416.0,69.33333333333334,C,7.0,89,Good,True,1,Low Risk
DS0423,Student_0423,Female,Information Technology,1,4,20,84.42,60.0,89,87,87,65,69,100,85,71,21.8,Internship,457.0,76.16666666666667,B,8.0,48,Good,False,0,Safe
DS0424,Student_0424,Other,Data Science,2,2,22,80.62,96.0,100,88,70,67,79,70,69,77,28.0,Not Placed,500.0,83.33333333333334,A,9.0,12,Good,False,0,Safe
DS0425,Student_0425,Male,Data Science,1,1,24,86.34,66.0,71,57,81,91,94,79,72,77,19.2,Placed,460.0,76.66666666666667,B,8.0,45,Excellent,False,0,Safe
DS0426,Student_0426,Male,Computer Science,2,1,21,87.1,66.0,66,96,100,52,51,77,79,64,14.3,Internship,431.0,71.83333333333334,B,8.0,74,Excellent,False,0,Safe
DS0427,Student_0427,Male,Artificial Intelligence,2,1,24,87.96,70.0,46,53,53,81,74,33,90,47,21.9,Placed,377.0,62.83333333333333,C,7.0,129,Excellent,True,1,Low Risk
DS0428,Student_0428,Male,Artificial Intelligence,1,3,21,69.06,57.0,86,100,36,80,43,86,50,93,13.1,Placed,402.0,67.0,C,7.0,104,Warning,True,2,Medium Risk
DS0429,Student_0429,Female,Computer Science,1,2,21,85.25,49.0,94,69,99,88,58,77,69,74,25.1,Internship,457.0,76.16666666666667,B,8.0,48,Excellent,True,1,Low Risk
DS0430,Student_0430,Male,Computer Science,2,1,24,88.45,70.0,64,62,62,49,59,37,80,72,12.6,Placed,366.0,61.0,C,7.0,140,Excellent,True,1,Low Risk
DS0431,Student_0431,Male,Computer Science,2,1,23,99.36,73.0,63,38,84,74,65,78,51,78,15.6,Placed,397.0,66.16666666666666,C,7.0,109,Excellent,True,1,Low Risk
DS0432,Student_0432,Other,Computer Science,2,2,21,88.45,83.0,79,25,78,55,49,86,72,61,9.1,Placed,369.0,61.5,C,7.0,137,Excellent,True,2,Medium Risk
DS0433,Student_0433,Other,Computer Science,2,2,20,63.96,85.0,47,86,68,69,44,82,73,65,22.0,Internship,399.0,66.5,C,7.0,107,Critical,True,2,Medium Risk
DS0434,Student_0434,Other,Artificial Intelligence,1,4,23,70.31,37.0,75,94,92,76,65,86,100,74,6.6,Not Placed,439.0,73.16666666666667,B,8.0,66,Warning,True,3,High Risk
DS0435,Student_0435,Male,Computer Science,1,4,23,65.64,50.0,82,69,83,62,82,100,70,84,12.2,Placed,428.0,71.33333333333334,B,8.0,77,Warning,True,1,Low Risk
DS0436,Student_0436,Female,Artificial Intelligence,1,2,23,99.71,54.0,66,87,62,57,72,80,81,85,7.9,Not Placed,398.0,66.33333333333333,C,7.0,108,Excellent,True,1,Low Risk
DS0437,Student_0437,Female,Data Science,2,2,20,100.0,56.0,54,50,82,74,71,53,59,41,18.5,Placed,387.0,64.5,C,7.0,119,Excellent,False,0,Safe
DS0438,Student_0438,Female,Artificial Intelligence,2,3,20,75.98,53.0,54,49,82,81,97,67,78,90,22.9,Placed,416.0,69.33333333333334,C,7.0,89,Good,True,1,Low Risk
DS0439,Student_0439,Male,Computer Science,1,4,22,76.85,57.0,85,69,65,59,62,100,91,64,14.1,Internship,397.0,66.16666666666666,C,7.0,109,Good,False,0,Safe
DS0440,Student_0440,Male,Information Technology,1,1,20,100.0,67.0,72,59,77,92,50,90,86,71,14.0,Placed,417.0,69.5,C,7.0,88,Excellent,False,0,Safe
DS0441,Student_0441,Other,Computer Science,1,1,24,88.83,48.0,82,77,89,67,68,74,56,43,15.0,Internship,431.0,71.83333333333334,B,8.0,74,Excellent,True,1,Low Risk
DS0442,Student_0442,Male,Information Technology,2,3,23,55.27,92.0,95,75,99,69,84,94,62,62,7.7,Placed,514.0,85.66666666666667,A,9.0,6,Critical,True,2,Medium Risk
DS0443,Student_0443,Male,Information Technology,2,1,20,80.87,67.0,96,100,45,65,54,67,96,83,20.7,Internship,427.0,71.16666666666667,B,8.0,78,Good,True,1,Low Risk
DS0444,Student_0444,Other,Information Technology,2,3,21,70.79,30.0,69,100,90,42,65,75,32,58,16.3,Not Placed,396.0,66.0,C,7.0,110,Warning,True,2,Medium Risk
DS0445,Student_0445,Male,Information Technology,1,2,22,77.94,83.0,41,64,85,48,73,87,52,71,12.8,Placed,394.0,65.66666666666666,C,7.0,112,Good,True,1,Low Risk
DS0446,Student_0446,Female,Computer Science,1,3,24,79.24,68.0,83,78,59,72,92,50,93,63,23.2,Not Placed,452.0,75.33333333333333,B,8.0,53,Good,False,0,Safe
DS0447,Student_0447,Female,Computer Science,2,4,21,90.85,61.0,61,88,85,73,81,64,94,70,16.1,Placed,449.0,74.83333333333333,B,8.0,56,Excellent,False,0,Safe
DS0448,Student_0448,Female,Data Science,2,3,24,78.8,81.0,70,66,70,83,60,100,69,71,14.8,Placed,430.0,71.66666666666667,B,8.0,75,Good,False,0,Safe
DS0449,Student_0449,Male,Data Science,1,3,23,69.76,50.0,54,62,87,70,63,67,99,78,14.1,Internship,386.0,64.33333333333333,C,7.0,120,Warning,True,1,Low Risk
DS0450,Student_0450,Male,Information Technology,2,3,20,73.24,81.0,85,61,73,84,53,82,67,65,16.4,Not Placed,437.0,72.83333333333334,B,8.0,68,Warning,True,1,Low Risk
DS0451,Student_0451,Male,Data Science,2,4,22,78.53,53.0,76,87,69,67,76,73,83,99,22.8,Not Placed,428.0,71.33333333333334,B,8.0,77,Good,False,0,Safe
DS0452,Student_0452,Male,Artificial Intelligence,2,2,20,80.89,38.0,78,100,79,53,74,62,63,97,16.7,Internship,422.0,70.33333333333334,B,8.0,83,Good,True,1,Low Risk
DS0453,Student_0453,Other,Data Science,1,3,21,77.14,62.0,53,42,51,72,85,58,86,100,3.7,Internship,365.0,60.83333333333333,C,7.0,141,Good,True,2,Medium Risk
DS0454,Student_0454,Male,Computer Science,1,1,22,79.26,65.0,89,48,79,88,71,67,58,89,6.4,Not Placed,440.0,73.33333333333333,B,8.0,65,Good,True,2,Medium Risk
DS0455,Student_0455,Female,Artificial Intelligence,1,4,22,97.27,66.0,72,62,74,100,68,77,68,48,4.7,Placed,442.0,73.66666666666667,B,8.0,63,Excellent,True,1,Low Risk
DS0456,Student_0456,Male,Data Science,2,4,21,68.18,42.0,76,50,89,70,66,92,77,71,20.5,Placed,393.0,65.5,C,7.0,113,Warning,True,2,Medium Risk
DS0457,Student_0457,Female,Computer Science,1,4,21,93.76,70.0,76,58,100,61,93,62,88,100,14.2,Not Placed,458.0,76.33333333333333,B,8.0,47,Excellent,False,0,Safe
DS0458,Student_0458,Female,Computer Science,2,1,22,74.59,71.0,62,65,96,55,56,76,62,77,3.6,Placed,405.0,67.5,C,7.0,101,Warning,True,2,Medium Risk
DS0459,Student_0459,Male,Artificial Intelligence,2,2,21,97.83,80.0,75,69,64,57,81,52,63,81,15.5,Internship,426.0,71.0,B,8.0,79,Excellent,False,0,Safe
DS0460,Student_0460,Male,Data Science,2,4,22,93.0,49.0,76,70,99,66,88,60,72,54,14.7,Not Placed,448.0,74.66666666666667,B,8.0,57,Excellent,True,1,Low Risk
DS0461,Student_0461,Other,Information Technology,1,4,20,60.83,83.0,63,66,53,60,96,59,92,72,29.2,Internship,421.0,70.16666666666667,B,8.0,84,Critical,True,1,Low Risk
DS0462,Student_0462,Other,Artificial Intelligence,1,2,21,94.91,69.0,69,80,30,73,69,71,58,77,14.6,Internship,390.0,65.0,C,7.0,116,Excellent,True,1,Low Risk
DS0463,Student_0463,Male,Data Science,2,1,21,94.87,93.0,75,73,84,86,82,73,72,100,27.4,Placed,493.0,82.16666666666667,A,9.0,17,Excellent,False,0,Safe
DS0464,Student_0464,Female,Computer Science,1,1,20,81.55,70.0,63,92,82,75,65,78,66,88,25.0,Not Placed,447.0,74.5,B,8.0,58,Good,False,0,Safe
DS0465,Student_0465,Female,Computer Science,1,1,24,88.53,85.0,66,81,71,51,80,78,74,59,3.8,Internship,434.0,72.33333333333334,B,8.0,71,Excellent,True,1,Low Risk
DS0466,Student_0466,Male,Computer Science,2,3,22,87.95,57.0,69,38,62,66,67,66,70,74,10.6,Internship,359.0,59.833333333333336,D,6.0,145,Excellent,True,1,Low Risk
DS0467,Student_0467,Other,Information Technology,2,2,23,85.41,58.0,85,64,54,69,72,100,90,96,35.6,Internship,402.0,67.0,C,7.0,104,Excellent,False,0,Safe
DS0468,Student_0468,Other,Information Technology,2,1,20,84.96,81.0,72,85,62,72,60,72,43,53,8.0,Not Placed,432.0,72.0,B,8.0,73,Good,True,1,Low Risk
DS0469,Student_0469,Other,Data Science,1,4,24,91.03,57.0,76,73,86,81,86,80,91,39,14.0,Internship,459.0,76.5,B,8.0,46,Excellent,False,0,Safe
DS0470,Student_0470,Other,Computer Science,1,1,22,61.3,65.0,87,94,48,91,52,84,82,90,13.0,Not Placed,437.0,72.83333333333334,B,8.0,68,Critical,True,2,Medium Risk
DS0471,Student_0471,Female,Computer Science,2,2,20,72.11,69.0,70,95,27,56,70,75,81,71,12.8,Not Placed,387.0,64.5,C,7.0,119,Warning,True,2,Medium Risk
DS0472,Student_0472,Male,Information Technology,1,1,23,75.54,68.0,70,44,77,63,89,56,61,93,26.4,Internship,411.0,68.5,C,7.0,94,Good,True,1,Low Risk
DS0473,Student_0473,Male,Artificial Intelligence,2,2,20,81.95,53.0,63,69,79,44,46,81,69,69,21.9,Internship,354.0,59.0,D,6.0,150,Good,True,1,Low Risk
DS0474,Student_0474,Male,Artificial Intelligence,2,4,24,77.18,74.0,60,71,76,96,82,72,56,93,22.2,Internship,459.0,76.5,B,8.0,46,Good,False,0,Safe
DS0475,Student_0475,Female,Computer Science,2,2,20,50.0,65.0,80,73,81,50,68,58,71,75,27.8,Not Placed,417.0,69.5,C,7.0,88,Critical,True,1,Low Risk
DS0476,Student_0476,Male,Information Technology,1,2,23,84.71,79.0,71,70,87,61,68,64,70,82,14.2,Placed,436.0,72.66666666666667,B,8.0,69,Good,False,0,Safe
DS0477,Student_0477,Other,Computer Science,1,4,21,82.39,62.0,60,75,65,63,50,86,82,83,14.3,Internship,375.0,62.5,C,7.0,131,Good,False,0,Safe
DS0478,Student_0478,Female,Data Science,1,1,20,74.31,61.0,54,61,70,58,71,62,55,81,25.6,Internship,375.0,62.5,C,7.0,131,Warning,True,1,Low Risk
DS0479,Student_0479,Female,Artificial Intelligence,1,2,23,76.82,64.0,67,86,43,100,100,68,84,73,9.6,Internship,460.0,76.66666666666667,B,8.0,45,Good,True,2,Medium Risk
DS0480,Student_0480,Other,Data Science,2,1,20,86.58,67.0,78,52,45,100,60,100,80,52,6.3,Not Placed,402.0,67.0,C,7.0,104,Excellent,True,2,Medium Risk
DS0481,Student_0481,Male,Data Science,1,1,24,65.22,64.0,66,44,82,54,92,84,64,58,14.0,Internship,402.0,67.0,C,7.0,104,Warning,True,2,Medium Risk
DS0482,Student_0482,Male,Computer Science,1,1,22,74.12,63.0,65,84,58,96,50,69,84,97,24.3,Not Placed,416.0,69.33333333333334,C,7.0,89,Warning,True,1,Low Risk
DS0483,Student_0483,Other,Computer Science,2,3,22,98.19,64.0,73,58,55,53,63,91,63,54,19.2,Not Placed,366.0,61.0,C,7.0,140,Excellent,False,0,Safe
DS0484,Student_0484,Other,Artificial Intelligence,2,3,24,87.15,35.0,87,67,97,44,84,85,98,90,11.8,Placed,414.0,69.0,C,7.0,91,Excellent,True,1,Low Risk
DS0485,Student_0485,Male,Artificial Intelligence,1,2,23,79.81,55.0,49,92,58,92,78,69,82,72,10.4,Not Placed,424.0,70.66666666666667,B,8.0,81,Good,True,1,Low Risk
DS0486,Student_0486,Female,Artificial Intelligence,2,3,21,76.4,79.0,69,77,63,52,96,95,66,65,29.1,Internship,436.0,72.66666666666667,B,8.0,69,Good,False,0,Safe
DS0487,Student_0487,Other,Information Technology,2,3,24,70.76,69.0,97,49,78,100,70,73,53,98,24.1,Internship,463.0,77.16666666666666,B,8.0,42,Warning,True,2,Medium Risk
DS0488,Student_0488,Male,Information Technology,1,2,21,88.93,70.0,53,93,65,53,44,69,77,64,16.5,Placed,378.0,63.0,C,7.0,128,Excellent,True,1,Low Risk
DS0489,Student_0489,Male,Artificial Intelligence,2,1,23,88.05,99.0,65,76,47,93,63,68,88,63,21.4,Internship,443.0,73.83333333333333,B,8.0,62,Excellent,True,1,Low Risk
DS0490,Student_0490,Male,Data Science,2,1,24,81.61,64.0,75,63,71,54,74,65,70,59,32.4,Placed,401.0,66.83333333333333,C,7.0,105,Good,False,0,Safe
DS0491,Student_0491,Female,Artificial Intelligence,1,3,20,91.04,86.0,74,88,40,32,64,57,77,75,18.4,Internship,384.0,64.0,C,7.0,122,Excellent,True,1,Low Risk
DS0492,Student_0492,Female,Computer Science,2,1,22,76.41,62.0,91,68,97,58,81,35,26,94,24.6,Placed,457.0,76.16666666666667,B,8.0,48,Good,False,0,Safe
DS0493,Student_0493,Male,Data Science,1,1,22,79.87,98.0,70,51,64,70,55,55,95,76,14.0,Placed,408.0,68.0,C,7.0,97,Good,False,0,Safe
DS0494,Student_0494,Male,Computer Science,1,3,22,65.45,77.0,61,72,48,86,68,86,58,67,16.0,Placed,412.0,68.66666666666667,C,7.0,93,Warning,True,2,Medium Risk
DS0495,Student_0495,Other,Data Science,1,2,20,79.56,72.0,44,67,82,64,67,89,56,69,6.3,Placed,396.0,66.0,C,7.0,110,Good,True,2,Medium Risk
DS0496,Student_0496,Other,Data Science,1,4,21,71.2,84.0,69,57,71,52,54,81,59,86,8.8,Placed,387.0,64.5,C,7.0,119,Warning,True,2,Medium Risk
DS0497,Student_0497,Female,Computer Science,2,3,22,77.16,71.0,71,100,79,61,80,68,67,55,25.8,Internship,462.0,77.0,B,8.0,43,Good,False,0,Safe
DS0498,Student_0498,Other,Computer Science,1,1,24,63.18,49.0,67,86,70,55,50,87,73,77,26.1,Not Placed,377.0,62.83333333333333,C,7.0,129,Critical,True,2,Medium Risk
DS0499,Student_0499,Other,Data Science,1,3,23,81.64,63.0,59,62,67,69,58,92,100,86,25.7,Not Placed,378.0,63.0,C,7.0,128,Good,False,0,Safe
DS0500,Student_0500,Other,Data Science,2,2,20,71.36,82.0,96,98,84,81,67,72,36,100,14.5,Placed,508.0,84.66666666666667,A,9.0,8,Warning,True,1,Low Risk
DS0501,Student_0501,Male,Computer Science,1,4,21,65.98,77.0,92,75,92,51,100,70,93,46,19.9,Internship,487.0,81.16666666666667,A,9.0,20,Warning,True,1,Low Risk
DS0502,Student_0502,Other,Artificial Intelligence,1,2,20,66.65,78.0,100,46,94,62,63,86,62,56,12.3,Not Placed,443.0,73.83333333333333,B,8.0,62,Warning,True,2,Medium Risk
DS0503,Student_0503,Other,Computer Science,1,1,21,62.47,75.0,66,71,80,86,65,61,61,71,10.7,Placed,443.0,73.83333333333333,B,8.0,62,Critical,True,1,Low Risk
DS0504,Student_0504,Male,Data Science,2,3,21,81.82,81.0,46,46,65,67,48,65,94,82,10.4,Not Placed,353.0,58.833333333333336,D,6.0,151,Good,True,1,Low Risk
DS0505,Student_0505,Female,Information Technology,2,3,24,76.85,71.0,72,88,61,82,71,82,69,100,16.5,Not Placed,445.0,74.16666666666667,B,8.0,60,Good,False,0,Safe
DS0506,Student_0506,Other,Artificial Intelligence,2,2,20,54.17,64.0,63,52,78,58,86,100,65,77,20.0,Placed,401.0,66.83333333333333,C,7.0,105,Critical,True,1,Low Risk
DS0507,Student_0507,Male,Data Science,2,1,23,100.0,81.0,74,85,78,96,78,66,94,75,23.4,Not Placed,492.0,82.0,A,9.0,18,Excellent,False,0,Safe
DS0508,Student_0508,Other,Information Technology,1,4,20,82.68,60.0,79,66,94,77,84,89,66,75,24.3,Placed,460.0,76.66666666666667,B,8.0,45,Good,False,0,Safe
DS0509,Student_0509,Female,Data Science,2,4,22,90.42,36.0,79,65,56,75,88,73,61,65,21.9,Internship,399.0,66.5,C,7.0,107,Excellent,True,1,Low Risk
DS0510,Student_0510,Other,Data Science,2,3,21,77.95,69.0,54,45,82,62,75,80,90,55,20.0,Internship,387.0,64.5,C,7.0,119,Good,True,1,Low Risk
DS0511,Student_0511,Other,Data Science,1,3,24,94.0,85.0,67,68,76,75,79,77,49,73,17.4,Placed,450.0,75.0,B,8.0,55,Excellent,False,0,Safe
DS0512,Student_0512,Other,Artificial Intelligence,1,4,24,75.3,53.0,65,49,79,72,45,62,60,66,16.1,Not Placed,363.0,60.5,C,7.0,143,Good,True,1,Low Risk
DS0513,Student_0513,Female,Data Science,2,4,20,63.44,72.0,67,64,65,100,58,87,58,88,14.5,Internship,426.0,71.0,B,8.0,79,Critical,True,1,Low Risk
DS0514,Student_0514,Female,Computer Science,2,1,20,100.0,63.0,94,78,85,77,63,87,75,78,17.0,Internship,460.0,76.66666666666667,B,8.0,45,Excellent,False,0,Safe
DS0515,Student_0515,Male,Data Science,1,2,23,63.59,51.0,69,73,64,75,70,100,69,73,13.6,Not Placed,402.0,67.0,C,7.0,104,Critical,True,1,Low Risk
DS0516,Student_0516,Male,Data Science,1,2,21,74.71,63.0,93,91,77,68,79,78,75,84,11.7,Not Placed,471.0,78.5,B,8.0,34,Warning,True,1,Low Risk
DS0517,Student_0517,Male,Information Technology,2,3,20,73.15,81.0,56,61,62,54,85,72,56,87,21.9,Internship,399.0,66.5,C,7.0,107,Warning,True,1,Low Risk
DS0518,Student_0518,Male,Information Technology,1,3,23,76.4,81.0,78,71,62,58,89,58,74,68,9.3,Placed,439.0,73.16666666666667,B,8.0,66,Good,True,1,Low Risk
DS0519,Student_0519,Female,Computer Science,1,2,23,70.55,48.0,47,64,69,57,80,76,53,83,9.4,Not Placed,365.0,60.83333333333333,C,7.0,141,Warning,True,3,High Risk
DS0520,Student_0520,Female,Information Technology,1,1,20,100.0,84.0,65,86,53,60,76,70,88,60,18.9,Internship,424.0,70.66666666666667,B,8.0,81,Excellent,False,0,Safe
DS0521,Student_0521,Other,Information Technology,2,4,22,68.41,35.0,53,77,50,76,84,73,73,70,27.7,Not Placed,375.0,62.5,C,7.0,131,Warning,True,2,Medium Risk
DS0522,Student_0522,Other,Data Science,2,1,23,73.52,59.0,91,54,71,88,87,84,99,82,20.0,Not Placed,450.0,75.0,B,8.0,55,Warning,True,1,Low Risk
DS0523,Student_0523,Female,Artificial Intelligence,2,2,20,68.63,80.0,48,77,55,61,100,68,90,75,5.1,Not Placed,421.0,70.16666666666667,B,8.0,84,Warning,True,3,High Risk
DS0524,Student_0524,Other,Computer Science,1,2,22,69.71,78.0,64,93,61,86,97,79,68,71,16.3,Not Placed,479.0,79.83333333333333,B,8.0,26,Warning,True,1,Low Risk
DS0525,Student_0525,Female,Data Science,1,1,20,71.23,71.0,72,61,62,68,69,70,59,99,16.1,Internship,403.0,67.16666666666666,C,7.0,103,Warning,True,1,Low Risk
DS0526,Student_0526,Other,Artificial Intelligence,2,3,21,97.57,73.0,63,70,52,67,56,87,91,95,20.7,Internship,381.0,63.5,C,7.0,125,Excellent,False,0,Safe
DS0527,Student_0527,Other,Computer Science,2,1,24,100.0,63.0,54,87,71,100,65,59,64,59,7.4,Placed,440.0,73.33333333333333,B,8.0,65,Excellent,True,1,Low Risk
DS0528,Student_0528,Male,Computer Science,2,1,21,96.45,80.0,67,71,78,42,89,73,40,75,17.4,Not Placed,427.0,71.16666666666667,B,8.0,78,Excellent,True,1,Low Risk
DS0529,Student_0529,Female,Artificial Intelligence,1,1,21,79.51,54.0,72,65,50,80,62,76,65,81,25.4,Placed,383.0,63.83333333333333,C,7.0,123,Good,False,0,Safe
DS0530,Student_0530,Other,Information Technology,1,2,20,63.84,80.0,80,79,49,57,67,71,70,63,16.6,Placed,412.0,68.66666666666667,C,7.0,93,Critical,True,2,Medium Risk
DS0531,Student_0531,Male,Data Science,2,4,22,71.06,63.0,86,68,80,73,49,80,51,75,20.0,Internship,419.0,69.83333333333334,C,7.0,86,Warning,True,2,Medium Risk
DS0532,Student_0532,Male,Computer Science,1,2,23,57.31,84.0,59,70,73,93,48,66,30,78,21.7,Internship,427.0,71.16666666666667,B,8.0,78,Critical,True,2,Medium Risk
DS0533,Student_0533,Female,Artificial Intelligence,1,4,20,82.57,56.0,63,84,44,50,67,72,80,78,17.4,Internship,364.0,60.66666666666667,C,7.0,142,Good,True,1,Low Risk
DS0534,Student_0534,Female,Artificial Intelligence,1,3,24,68.23,48.0,77,65,68,86,59,42,88,76,10.8,Internship,403.0,67.16666666666666,C,7.0,103,Warning,True,2,Medium Risk
DS0535,Student_0535,Female,Artificial Intelligence,2,4,23,93.6,88.0,57,64,78,53,68,75,36,58,21.3,Not Placed,408.0,68.0,C,7.0,97,Excellent,False,0,Safe
DS0536,Student_0536,Male,Computer Science,1,1,21,92.59,47.0,65,75,92,61,60,63,73,81,13.2,Not Placed,400.0,66.66666666666666,C,7.0,106,Excellent,True,1,Low Risk
DS0537,Student_0537,Other,Computer Science,1,4,24,67.72,83.0,72,82,73,76,61,77,36,66,22.7,Not Placed,447.0,74.5,B,8.0,58,Warning,True,1,Low Risk
DS0538,Student_0538,Female,Computer Science,1,3,21,64.01,68.0,72,25,64,75,77,71,53,47,8.4,Placed,381.0,63.5,C,7.0,125,Critical,True,3,High Risk
DS0539,Student_0539,Female,Computer Science,1,2,20,72.68,93.0,66,73,62,43,84,78,61,47,10.4,Placed,421.0,70.16666666666667,B,8.0,84,Warning,True,2,Medium Risk
DS0540,Student_0540,Other,Artificial Intelligence,2,3,20,77.93,59.0,58,85,52,75,72,81,49,35,18.6,Not Placed,401.0,66.83333333333333,C,7.0,105,Good,False,0,Safe
DS0541,Student_0541,Male,Artificial Intelligence,1,4,23,72.16,76.0,77,62,92,63,76,52,95,81,19.2,Internship,446.0,74.33333333333333,B,8.0,59,Warning,True,1,Low Risk
DS0542,Student_0542,Other,Artificial Intelligence,2,2,20,99.11,100.0,75,50,67,55,64,79,68,86,19.3,Not Placed,411.0,68.5,C,7.0,94,Excellent,False,0,Safe
DS0543,Student_0543,Male,Information Technology,2,3,20,84.7,74.0,80,72,80,81,72,81,62,62,13.5,Not Placed,459.0,76.5,B,8.0,46,Good,False,0,Safe
DS0544,Student_0544,Male,Computer Science,1,3,24,85.44,63.0,48,60,74,89,78,74,69,73,15.8,Not Placed,412.0,68.66666666666667,C,7.0,93,Excellent,True,1,Low Risk
DS0545,Student_0545,Other,Data Science,2,4,21,68.33,90.0,70,86,84,80,43,57,100,60,24.0,Internship,453.0,75.5,B,8.0,52,Warning,True,2,Medium Risk
DS0546,Student_0546,Female,Artificial Intelligence,2,4,23,62.21,72.0,64,69,50,70,54,87,71,66,21.2,Not Placed,379.0,63.16666666666667,C,7.0,127,Critical,True,1,Low Risk
DS0547,Student_0547,Other,Data Science,2,4,24,71.86,67.0,53,98,70,69,64,94,84,71,25.6,Not Placed,421.0,70.16666666666667,B,8.0,84,Warning,True,1,Low Risk
DS0548,Student_0548,Other,Artificial Intelligence,2,2,20,76.36,81.0,66,68,75,58,70,90,44,69,12.6,Not Placed,418.0,69.66666666666667,C,7.0,87,Good,False,0,Safe
DS0549,Student_0549,Female,Information Technology,2,1,20,70.12,84.0,69,97,80,64,74,81,90,41,25.6,Internship,468.0,78.0,B,8.0,37,Warning,True,1,Low Risk
DS0550,Student_0550,Other,Data Science,1,3,23,75.04,68.0,42,25,47,70,69,75,75,63,22.3,Placed,321.0,53.5,D,6.0,170,Good,True,1,Low Risk
DS0551,Student_0551,Male,Data Science,1,1,23,94.81,61.0,57,62,86,68,60,90,62,75,7.0,Internship,394.0,65.66666666666666,C,7.0,112,Excellent,True,1,Low Risk
DS0552,Student_0552,Other,Computer Science,2,1,22,61.77,67.0,61,64,59,66,78,78,79,78,10.5,Not Placed,395.0,65.83333333333333,C,7.0,111,Critical,True,1,Low Risk
DS0553,Student_0553,Other,Computer Science,1,1,21,87.84,74.0,63,53,81,82,84,67,68,38,13.9,Internship,437.0,72.83333333333334,B,8.0,68,Excellent,False,0,Safe
DS0554,Student_0554,Female,Computer Science,2,3,23,71.59,71.0,64,96,53,62,56,64,54,94,23.8,Internship,402.0,67.0,C,7.0,104,Warning,True,1,Low Risk
DS0555,Student_0555,Other,Information Technology,2,4,23,97.88,68.0,49,50,73,78,39,84,55,70,15.1,Internship,357.0,59.5,D,6.0,147,Excellent,True,1,Low Risk
DS0556,Student_0556,Male,Data Science,1,3,23,86.81,56.0,55,93,55,86,63,44,78,37,14.4,Placed,408.0,68.0,C,7.0,97,Excellent,False,0,Safe
DS0557,Student_0557,Female,Artificial Intelligence,1,2,23,76.6,83.0,79,51,52,60,73,82,75,66,2.4,Internship,398.0,66.33333333333333,C,7.0,108,Good,True,1,Low Risk
DS0558,Student_0558,Female,Data Science,1,4,23,79.28,72.0,56,61,77,91,69,93,63,71,23.4,Placed,426.0,71.0,B,8.0,79,Good,False,0,Safe
DS0559,Student_0559,Female,Artificial Intelligence,2,1,21,77.18,69.0,53,100,54,69,75,58,100,71,20.2,Internship,420.0,70.0,B,8.0,85,Good,False,0,Safe
DS0560,Student_0560,Other,Information Technology,2,4,24,69.22,65.0,65,63,47,68,64,96,58,83,22.8,Not Placed,372.0,62.0,C,7.0,134,Warning,True,2,Medium Risk
DS0561,Student_0561,Other,Computer Science,1,1,24,68.8,68.0,49,50,83,51,76,60,82,65,2.0,Internship,377.0,62.83333333333333,C,7.0,129,Warning,True,3,High Risk
DS0562,Student_0562,Female,Information Technology,1,3,21,79.9,80.0,54,77,91,70,85,85,69,92,13.0,Placed,457.0,76.16666666666667,B,8.0,48,Good,False,0,Safe
DS0563,Student_0563,Male,Artificial Intelligence,2,2,20,77.28,100.0,100,74,78,88,52,75,36,72,10.7,Not Placed,492.0,82.0,A,9.0,18,Good,False,0,Safe
DS0564,Student_0564,Female,Information Technology,2,1,23,59.69,84.0,85,79,76,48,79,69,60,77,16.1,Internship,451.0,75.16666666666667,B,8.0,54,Critical,True,2,Medium Risk
DS0565,Student_0565,Other,Artificial Intelligence,2,4,20,70.56,66.0,85,53,54,55,65,88,71,90,14.6,Not Placed,378.0,63.0,C,7.0,128,Warning,True,1,Low Risk
DS0566,Student_0566,Other,Data Science,1,2,23,90.22,70.0,62,70,81,64,78,75,94,57,5.7,Internship,425.0,70.83333333333334,B,8.0,80,Excellent,True,1,Low Risk
DS0567,Student_0567,Other,Information Technology,1,1,22,71.17,61.0,49,49,79,70,63,55,83,71,30.3,Not Placed,371.0,61.83333333333333,C,7.0,135,Warning,True,2,Medium Risk
DS0568,Student_0568,Other,Data Science,2,1,22,49.56,62.0,83,86,62,59,81,83,68,72,4.2,Internship,433.0,72.16666666666667,B,8.0,72,Critical,True,2,Medium Risk
DS0569,Student_0569,Other,Data Science,2,4,21,59.9,54.0,63,60,72,79,100,69,48,75,10.5,Not Placed,428.0,71.33333333333334,B,8.0,77,Critical,True,1,Low Risk
DS0570,Student_0570,Male,Artificial Intelligence,2,2,24,84.14,41.0,96,62,45,83,59,83,83,73,19.7,Not Placed,386.0,64.33333333333333,C,7.0,120,Good,True,1,Low Risk
DS0571,Student_0571,Female,Computer Science,2,2,23,99.73,81.0,73,68,48,79,71,74,76,69,4.3,Not Placed,420.0,70.0,B,8.0,85,Excellent,True,2,Medium Risk
DS0572,Student_0572,Male,Information Technology,2,1,23,68.79,68.0,75,80,67,37,47,72,81,62,27.1,Placed,374.0,62.33333333333333,C,7.0,132,Warning,True,2,Medium Risk
DS0573,Student_0573,Other,Information Technology,2,3,21,85.87,71.0,77,66,80,94,68,58,75,75,10.0,Not Placed,456.0,76.0,B,8.0,49,Excellent,False,0,Safe
DS0574,Student_0574,Female,Computer Science,1,4,24,83.8,75.0,72,69,69,69,64,53,63,67,30.3,Not Placed,418.0,69.66666666666667,C,7.0,87,Good,False,0,Safe
DS0575,Student_0575,Other,Data Science,1,1,20,81.19,50.0,76,74,75,89,88,63,69,49,18.8,Internship,452.0,75.33333333333333,B,8.0,53,Good,False,0,Safe
DS0576,Student_0576,Other,Artificial Intelligence,1,1,20,97.99,45.0,72,52,57,87,79,53,83,67,9.5,Placed,392.0,65.33333333333333,C,7.0,114,Excellent,True,2,Medium Risk
DS0577,Student_0577,Male,Data Science,1,4,22,90.11,79.0,84,84,73,72,78,50,70,54,17.9,Not Placed,470.0,78.33333333333333,B,8.0,35,Excellent,False,0,Safe
DS0578,Student_0578,Male,Information Technology,1,4,21,93.21,95.0,63,72,81,39,62,90,77,88,17.5,Not Placed,412.0,68.66666666666667,C,7.0,93,Excellent,True,1,Low Risk
DS0579,Student_0579,Other,Data Science,2,4,23,82.32,78.0,65,72,61,89,93,60,91,83,18.3,Placed,458.0,76.33333333333333,B,8.0,47,Good,False,0,Safe
DS0580,Student_0580,Other,Computer Science,2,2,21,100.0,60.0,76,54,80,91,94,61,71,96,20.3,Placed,455.0,75.83333333333333,B,8.0,50,Excellent,False,0,Safe
DS0581,Student_0581,Male,Artificial Intelligence,2,1,23,85.48,100.0,59,55,88,52,67,68,90,100,20.8,Placed,421.0,70.16666666666667,B,8.0,84,Excellent,False,0,Safe
DS0582,Student_0582,Male,Computer Science,2,3,20,65.5,71.0,51,60,67,62,70,95,71,49,21.0,Not Placed,381.0,63.5,C,7.0,125,Warning,True,1,Low Risk
DS0583,Student_0583,Male,Computer Science,2,1,22,86.5,85.0,34,58,68,81,62,58,51,86,17.8,Not Placed,388.0,64.66666666666666,C,7.0,118,Excellent,True,1,Low Risk
DS0584,Student_0584,Male,Artificial Intelligence,2,4,23,70.2,84.0,62,58,90,47,89,71,52,60,20.5,Not Placed,430.0,71.66666666666667,B,8.0,75,Warning,True,2,Medium Risk
DS0585,Student_0585,Male,Artificial Intelligence,1,3,24,64.55,80.0,54,80,77,93,79,73,71,71,19.1,Not Placed,463.0,77.16666666666666,B,8.0,42,Critical,True,1,Low Risk
DS0586,Student_0586,Female,Information Technology,1,3,24,80.42,80.0,76,67,59,86,75,72,63,98,7.9,Placed,443.0,73.83333333333333,B,8.0,62,Good,True,1,Low Risk
DS0587,Student_0587,Male,Computer Science,1,3,21,76.08,81.0,100,86,70,53,50,73,79,56,11.2,Placed,440.0,73.33333333333333,B,8.0,65,Good,False,0,Safe
DS0588,Student_0588,Female,Data Science,1,2,20,100.0,68.0,67,98,73,46,76,58,81,78,20.2,Internship,428.0,71.33333333333334,B,8.0,77,Excellent,True,1,Low Risk
DS0589,Student_0589,Other,Information Technology,2,4,22,84.42,96.0,78,62,87,61,72,49,79,62,25.0,Not Placed,456.0,76.0,B,8.0,49,Good,False,0,Safe
DS0590,Student_0590,Female,Artificial Intelligence,2,2,21,64.53,65.0,53,71,56,89,70,81,55,58,21.9,Placed,404.0,67.33333333333333,C,7.0,102,Critical,True,1,Low Risk
DS0591,Student_0591,Female,Information Technology,2,1,22,71.93,78.0,51,61,56,97,84,76,78,73,17.7,Internship,427.0,71.16666666666667,B,8.0,78,Warning,True,1,Low Risk
DS0592,Student_0592,Other,Information Technology,2,2,20,84.79,71.0,68,66,64,73,76,97,74,68,17.6,Placed,418.0,69.66666666666667,C,7.0,87,Good,False,0,Safe
DS0593,Student_0593,Male,Information Technology,1,4,22,86.88,53.0,90,73,60,67,62,63,74,79,5.1,Not Placed,405.0,67.5,C,7.0,101,Excellent,True,1,Low Risk
DS0594,Student_0594,Male,Computer Science,1,4,24,85.77,74.0,69,72,71,74,90,81,100,84,23.9,Not Placed,450.0,75.0,B,8.0,55,Excellent,False,0,Safe
DS0595,Student_0595,Female,Information Technology,2,4,22,88.69,65.0,55,65,81,76,76,87,56,86,11.4,Internship,418.0,69.66666666666667,C,7.0,87,Excellent,False,0,Safe
DS0596,Student_0596,Male,Artificial Intelligence,1,1,24,73.83,77.0,67,93,64,73,79,68,88,66,20.0,Placed,453.0,75.5,B,8.0,52,Warning,True,1,Low Risk
DS0597,Student_0597,Other,Artificial Intelligence,1,4,22,91.12,75.0,49,78,49,79,62,62,62,81,19.4,Not Placed,392.0,65.33333333333333,C,7.0,114,Excellent,True,1,Low Risk
DS0598,Student_0598,Male,Information Technology,1,3,24,77.16,33.0,100,78,80,68,42,71,75,63,22.1,Internship,401.0,66.83333333333333,C,7.0,105,Good,True,1,Low Risk
DS0599,Student_0599,Male,Data Science,2,1,21,98.04,52.0,100,100,94,89,69,91,71,56,11.9,Placed,504.0,84.0,A,9.0,9,Excellent,False,0,Safe
DS0600,Student_0600,Male,Information Technology,2,1,21,64.79,43.0,84,46,74,57,49,63,36,42,28.6,Internship,353.0,58.833333333333336,D,6.0,151,Critical,True,2,Medium Risk
DS0601,Student_0601,Male,Information Technology,1,3,23,73.69,100.0,71,58,66,83,62,79,57,81,12.7,Internship,440.0,73.33333333333333,B,8.0,65,Warning,True,1,Low Risk
DS0602,Student_0602,Male,Data Science,2,4,22,78.85,72.0,91,67,84,43,63,96,60,71,18.3,Not Placed,420.0,70.0,B,8.0,85,Good,True,1,Low Risk
DS0603,Student_0603,Other,Artificial Intelligence,2,2,20,75.37,73.0,93,77,90,65,59,64,79,57,21.4,Not Placed,457.0,76.16666666666667,B,8.0,48,Good,False,0,Safe
DS0604,Student_0604,Other,Artificial Intelligence,2,1,23,78.95,63.0,87,64,79,73,81,86,82,63,9.6,Placed,447.0,74.5,B,8.0,58,Good,True,1,Low Risk
DS0605,Student_0605,Other,Computer Science,2,4,21,94.31,80.0,65,84,67,85,76,74,79,75,16.9,Not Placed,457.0,76.16666666666667,B,8.0,48,Excellent,False,0,Safe
DS0606,Student_0606,Male,Computer Science,2,4,21,66.69,96.0,88,71,73,59,67,89,70,60,25.4,Placed,454.0,75.66666666666667,B,8.0,51,Warning,True,1,Low Risk
DS0607,Student_0607,Male,Computer Science,1,1,20,73.89,92.0,74,81,82,91,81,59,79,70,18.3,Placed,501.0,83.5,A,9.0,11,Warning,True,1,Low Risk
DS0608,Student_0608,Male,Artificial Intelligence,1,4,20,87.27,81.0,62,53,76,62,72,63,54,75,19.9,Placed,406.0,67.66666666666666,C,7.0,100,Excellent,False,0,Safe
DS0609,Student_0609,Female,Information Technology,1,4,22,80.36,76.0,62,74,93,73,46,71,73,77,24.0,Placed,424.0,70.66666666666667,B,8.0,81,Good,True,1,Low Risk
DS0610,Student_0610,Male,Data Science,1,2,22,88.24,71.0,89,68,65,60,43,68,68,89,30.1,Placed,396.0,66.0,C,7.0,110,Excellent,True,1,Low Risk
DS0611,Student_0611,Female,Artificial Intelligence,1,1,21,62.37,92.0,82,71,73,59,48,74,67,57,13.4,Internship,425.0,70.83333333333334,B,8.0,80,Critical,True,2,Medium Risk
DS0612,Student_0612,Other,Artificial Intelligence,1,4,24,68.98,65.0,61,84,41,40,70,74,65,98,13.7,Internship,361.0,60.16666666666667,C,7.0,144,Warning,True,2,Medium Risk
DS0613,Student_0613,Male,Information Technology,2,3,22,73.09,69.0,100,67,78,80,81,79,100,93,18.1,Placed,475.0,79.16666666666666,B,8.0,30,Warning,True,1,Low Risk
DS0614,Student_0614,Other,Information Technology,1,4,21,100.0,83.0,57,66,84,92,58,78,75,70,22.6,Placed,440.0,73.33333333333333,B,8.0,65,Excellent,False,0,Safe
DS0615,Student_0615,Male,Information Technology,2,4,20,82.55,90.0,54,65,84,68,63,56,58,76,16.2,Not Placed,424.0,70.66666666666667,B,8.0,81,Good,False,0,Safe
DS0616,Student_0616,Male,Artificial Intelligence,1,1,22,80.38,55.0,59,54,77,40,55,99,97,47,18.1,Internship,340.0,56.666666666666664,D,6.0,160,Good,True,1,Low Risk
DS0617,Student_0617,Female,Artificial Intelligence,1,3,22,70.11,55.0,52,68,88,79,59,76,68,72,14.8,Not Placed,401.0,66.83333333333333,C,7.0,105,Warning,True,1,Low Risk
DS0618,Student_0618,Male,Information Technology,2,4,24,66.77,70.0,78,72,66,76,82,100,51,69,9.3,Internship,444.0,74.0,B,8.0,61,Warning,True,2,Medium Risk
DS0619,Student_0619,Other,Artificial Intelligence,2,3,24,80.21,100.0,62,62,64,71,65,90,91,72,21.7,Internship,424.0,70.66666666666667,B,8.0,81,Good,False,0,Safe
DS0620,Student_0620,Female,Artificial Intelligence,1,3,24,92.57,53.0,82,61,52,67,91,65,75,78,20.6,Placed,406.0,67.66666666666666,C,7.0,100,Excellent,False,0,Safe
DS0621,Student_0621,Male,Computer Science,1,1,21,86.67,74.0,59,83,96,61,42,68,67,73,26.3,Placed,415.0,69.16666666666667,C,7.0,90,Excellent,True,1,Low Risk
DS0622,Student_0622,Male,Data Science,2,2,21,83.52,70.0,51,52,72,53,47,77,81,84,2.0,Placed,345.0,57.49999999999999,D,6.0,156,Good,True,2,Medium Risk
DS0623,Student_0623,Male,Artificial Intelligence,1,4,24,77.62,66.0,78,64,71,81,71,32,67,54,17.5,Not Placed,431.0,71.83333333333334,B,8.0,74,Good,False,0,Safe
DS0624,Student_0624,Female,Data Science,2,1,22,87.11,72.0,80,91,70,100,73,60,67,72,12.9,Placed,486.0,81.0,A,9.0,21,Excellent,False,0,Safe
DS0625,Student_0625,Other,Data Science,2,2,21,94.43,82.0,80,87,65,88,50,65,64,71,20.0,Not Placed,452.0,75.33333333333333,B,8.0,53,Excellent,False,0,Safe
DS0626,Student_0626,Male,Computer Science,2,2,23,97.04,63.0,62,50,61,88,71,96,72,52,32.0,Not Placed,395.0,65.83333333333333,C,7.0,111,Excellent,False,0,Safe
DS0627,Student_0627,Other,Data Science,2,2,21,79.72,76.0,65,84,81,90,60,79,69,71,9.9,Internship,456.0,76.0,B,8.0,49,Good,True,1,Low Risk
DS0628,Student_0628,Female,Computer Science,1,4,23,54.33,82.0,92,62,78,76,70,96,77,74,2.0,Not Placed,460.0,76.66666666666667,B,8.0,45,Critical,True,2,Medium Risk
DS0629,Student_0629,Other,Artificial Intelligence,1,2,23,71.72,43.0,70,100,60,83,63,96,72,91,11.2,Internship,419.0,69.83333333333334,C,7.0,86,Warning,True,2,Medium Risk
DS0630,Student_0630,Other,Artificial Intelligence,2,3,21,62.04,91.0,74,77,72,62,70,49,46,84,7.9,Not Placed,446.0,74.33333333333333,B,8.0,59,Critical,True,2,Medium Risk
DS0631,Student_0631,Male,Computer Science,2,4,20,100.0,75.0,72,69,77,72,29,54,66,51,26.6,Internship,394.0,65.66666666666666,C,7.0,112,Excellent,True,1,Low Risk
DS0632,Student_0632,Other,Artificial Intelligence,2,1,23,89.79,85.0,75,72,91,88,87,72,66,91,27.6,Not Placed,498.0,83.0,A,9.0,13,Excellent,False,0,Safe
DS0633,Student_0633,Female,Information Technology,1,2,24,74.61,59.0,66,75,77,62,98,73,53,72,5.6,Internship,437.0,72.83333333333334,B,8.0,68,Warning,True,2,Medium Risk
DS0634,Student_0634,Female,Information Technology,1,3,24,88.22,81.0,76,66,68,81,53,49,70,57,26.0,Not Placed,425.0,70.83333333333334,B,8.0,80,Excellent,False,0,Safe
DS0635,Student_0635,Female,Data Science,1,3,20,89.63,53.0,45,72,64,47,78,94,88,72,2.0,Internship,359.0,59.833333333333336,D,6.0,145,Excellent,True,2,Medium Risk
DS0636,Student_0636,Male,Data Science,1,3,21,91.31,76.0,92,89,77,52,62,68,54,97,19.2,Not Placed,448.0,74.66666666666667,B,8.0,57,Excellent,False,0,Safe
DS0637,Student_0637,Other,Data Science,2,2,23,97.55,64.0,53,100,70,91,83,46,80,73,8.8,Not Placed,461.0,76.83333333333333,B,8.0,44,Excellent,True,1,Low Risk
DS0638,Student_0638,Other,Data Science,1,1,24,100.0,74.0,50,63,58,63,69,72,63,100,12.0,Not Placed,377.0,62.83333333333333,C,7.0,129,Excellent,False,0,Safe
DS0639,Student_0639,Female,Computer Science,1,4,24,69.65,67.0,81,51,81,79,89,100,49,53,20.0,Not Placed,448.0,74.66666666666667,B,8.0,57,Warning,True,1,Low Risk
DS0640,Student_0640,Male,Information Technology,2,4,24,86.17,94.0,73,85,40,63,42,90,69,83,19.8,Not Placed,397.0,66.16666666666666,C,7.0,109,Excellent,True,1,Low Risk
DS0641,Student_0641,Female,Artificial Intelligence,1,2,24,74.21,67.0,54,78,79,83,75,70,61,88,6.1,Not Placed,436.0,72.66666666666667,B,8.0,69,Warning,True,2,Medium Risk
DS0642,Student_0642,Male,Data Science,1,2,21,79.13,55.0,65,94,86,45,90,91,95,61,28.3,Not Placed,435.0,72.5,B,8.0,70,Good,True,1,Low Risk
DS0643,Student_0643,Other,Artificial Intelligence,1,2,21,59.95,37.0,64,64,87,89,84,43,87,72,7.0,Not Placed,425.0,70.83333333333334,B,8.0,80,Critical,True,3,High Risk
DS0644,Student_0644,Female,Information Technology,1,1,22,66.44,67.0,75,69,47,98,85,79,52,73,7.8,Not Placed,441.0,73.5,B,8.0,64,Warning,True,3,High Risk
DS0645,Student_0645,Other,Artificial Intelligence,2,2,23,82.49,53.0,95,71,73,40,61,80,91,65,2.0,Not Placed,393.0,65.5,C,7.0,113,Good,True,2,Medium Risk
DS0646,Student_0646,Other,Artificial Intelligence,2,2,21,60.78,55.0,54,81,29,63,91,96,73,76,8.2,Placed,373.0,62.16666666666667,C,7.0,133,Critical,True,3,High Risk
DS0647,Student_0647,Male,Information Technology,2,2,20,67.65,72.0,53,88,100,77,60,69,81,97,14.6,Not Placed,450.0,75.0,B,8.0,55,Warning,True,1,Low Risk
DS0648,Student_0648,Other,Data Science,1,2,21,67.14,64.0,71,61,61,76,73,82,61,80,20.8,Not Placed,406.0,67.66666666666666,C,7.0,100,Warning,True,1,Low Risk
DS0649,Student_0649,Male,Information Technology,1,1,20,73.23,71.0,100,91,88,81,96,83,90,57,12.4,Not Placed,527.0,87.83333333333333,A,9.0,2,Warning,True,1,Low Risk
DS0650,Student_0650,Male,Information Technology,1,1,20,85.61,71.0,67,83,100,76,59,81,65,100,10.9,Internship,456.0,76.0,B,8.0,49,Excellent,False,0,Safe
DS0651,Student_0651,Male,Data Science,1,2,24,98.15,68.0,80,83,89,76,86,49,58,87,2.0,Internship,482.0,80.33333333333333,A,9.0,23,Excellent,True,1,Low Risk
DS0652,Student_0652,Male,Information Technology,2,3,20,76.75,77.0,86,61,64,54,62,70,100,69,18.4,Placed,404.0,67.33333333333333,C,7.0,102,Good,False,0,Safe
DS0653,Student_0653,Other,Computer Science,2,4,22,63.6,61.0,61,44,46,52,73,71,88,68,15.7,Internship,337.0,56.166666666666664,D,6.0,163,Critical,True,2,Medium Risk
DS0654,Student_0654,Male,Data Science,1,3,20,78.59,92.0,77,59,72,58,76,83,84,82,13.9,Placed,434.0,72.33333333333334,B,8.0,71,Good,False,0,Safe
DS0655,Student_0655,Female,Artificial Intelligence,1,4,22,85.64,84.0,57,50,25,69,58,59,78,66,15.8,Not Placed,343.0,57.166666666666664,D,6.0,157,Excellent,True,1,Low Risk
DS0656,Student_0656,Other,Artificial Intelligence,2,1,20,78.76,79.0,84,71,58,63,80,59,44,82,22.7,Internship,435.0,72.5,B,8.0,70,Good,False,0,Safe
DS0657,Student_0657,Male,Artificial Intelligence,2,3,20,77.84,43.0,76,86,79,64,56,58,78,82,17.4,Internship,404.0,67.33333333333333,C,7.0,102,Good,True,1,Low Risk
DS0658,Student_0658,Female,Information Technology,1,1,20,85.63,72.0,95,61,89,59,87,61,66,91,22.5,Not Placed,463.0,77.16666666666666,B,8.0,42,Excellent,False,0,Safe
DS0659,Student_0659,Female,Artificial Intelligence,1,4,21,92.09,54.0,68,73,62,100,74,49,65,90,27.0,Not Placed,431.0,71.83333333333334,B,8.0,74,Excellent,False,0,Safe
DS0660,Student_0660,Other,Artificial Intelligence,1,3,23,80.12,58.0,57,79,61,66,83,47,67,54,27.5,Not Placed,404.0,67.33333333333333,C,7.0,102,Good,False,0,Safe
DS0661,Student_0661,Male,Data Science,1,1,21,93.75,100.0,54,74,56,65,97,26,65,74,11.4,Not Placed,446.0,74.33333333333333,B,8.0,59,Excellent,False,0,Safe
DS0662,Student_0662,Other,Information Technology,1,3,24,79.6,83.0,88,49,100,49,89,78,58,71,10.6,Placed,458.0,76.33333333333333,B,8.0,47,Good,True,1,Low Risk
DS0663,Student_0663,Male,Data Science,1,2,21,80.08,52.0,58,53,64,76,72,87,82,72,17.2,Internship,375.0,62.5,C,7.0,131,Good,False,0,Safe
DS0664,Student_0664,Male,Computer Science,1,1,21,100.0,59.0,79,42,82,70,63,93,63,84,20.7,Internship,395.0,65.83333333333333,C,7.0,111,Excellent,True,1,Low Risk
DS0665,Student_0665,Other,Artificial Intelligence,2,4,23,63.06,56.0,51,69,82,46,59,100,48,44,15.6,Placed,363.0,60.5,C,7.0,143,Critical,True,2,Medium Risk
DS0666,Student_0666,Female,Computer Science,1,4,20,68.42,53.0,69,69,67,57,76,49,69,55,6.6,Internship,391.0,65.16666666666666,C,7.0,115,Warning,True,2,Medium Risk
DS0667,Student_0667,Other,Artificial Intelligence,2,3,22,82.4,78.0,43,91,72,69,54,49,47,58,18.4,Not Placed,407.0,67.83333333333333,C,7.0,99,Good,True,1,Low Risk
DS0668,Student_0668,Male,Computer Science,2,1,24,80.5,70.0,86,56,79,68,56,73,69,68,6.9,Internship,415.0,69.16666666666667,C,7.0,90,Good,True,1,Low Risk
DS0669,Student_0669,Female,Information Technology,1,2,20,51.24,71.0,58,55,66,81,73,86,43,53,12.4,Internship,404.0,67.33333333333333,C,7.0,102,Critical,True,1,Low Risk
DS0670,Student_0670,Male,Artificial Intelligence,2,3,22,74.35,100.0,95,81,75,42,72,88,42,76,9.8,Not Placed,465.0,77.5,B,8.0,40,Warning,True,3,High Risk
DS0671,Student_0671,Female,Artificial Intelligence,1,1,22,80.09,64.0,75,53,72,67,60,70,62,98,18.9,Placed,391.0,65.16666666666666,C,7.0,115,Good,False,0,Safe
DS0672,Student_0672,Other,Data Science,1,3,23,73.18,64.0,72,55,63,65,51,100,62,43,4.8,Placed,370.0,61.66666666666667,C,7.0,136,Warning,True,2,Medium Risk
DS0673,Student_0673,Other,Information Technology,2,1,23,84.77,81.0,90,60,89,81,67,64,69,100,17.8,Internship,468.0,78.0,B,8.0,37,Good,False,0,Safe
DS0674,Student_0674,Other,Computer Science,2,1,22,79.2,83.0,78,74,72,83,81,70,100,51,22.7,Internship,471.0,78.5,B,8.0,34,Good,False,0,Safe
DS0675,Student_0675,Male,Artificial Intelligence,2,3,20,87.85,57.0,72,100,56,59,70,55,44,71,5.0,Placed,414.0,69.0,C,7.0,91,Excellent,True,1,Low Risk
DS0676,Student_0676,Other,Data Science,2,2,21,77.49,93.0,47,54,76,61,47,85,78,62,13.7,Not Placed,378.0,63.0,C,7.0,128,Good,True,1,Low Risk
DS0677,Student_0677,Male,Data Science,1,2,20,68.35,67.0,81,52,100,59,70,68,57,85,10.5,Internship,429.0,71.5,B,8.0,76,Warning,True,1,Low Risk
DS0678,Student_0678,Female,Data Science,2,3,21,86.37,57.0,64,85,73,69,49,62,63,62,9.8,Internship,397.0,66.16666666666666,C,7.0,109,Excellent,True,2,Medium Risk
DS0679,Student_0679,Male,Computer Science,2,3,21,99.56,77.0,66,100,89,90,80,81,75,76,28.2,Placed,502.0,83.66666666666667,A,9.0,10,Excellent,False,0,Safe
DS0680,Student_0680,Other,Data Science,2,3,21,93.61,48.0,98,67,49,59,45,64,67,55,13.3,Not Placed,366.0,61.0,C,7.0,140,Excellent,True,1,Low Risk
DS0681,Student_0681,Female,Information Technology,2,4,22,68.5,100.0,82,66,61,69,72,80,54,85,15.9,Not Placed,450.0,75.0,B,8.0,55,Warning,True,1,Low Risk
DS0682,Student_0682,Other,Information Technology,1,2,20,70.94,43.0,72,45,80,66,98,56,99,74,22.5,Not Placed,404.0,67.33333333333333,C,7.0,102,Warning,True,2,Medium Risk
DS0683,Student_0683,Female,Artificial Intelligence,2,1,22,46.05,66.0,67,70,87,75,54,84,73,76,13.2,Placed,419.0,69.83333333333334,C,7.0,86,Critical,True,1,Low Risk
DS0684,Student_0684,Female,Data Science,1,4,24,63.69,61.0,64,77,80,67,84,78,48,59,2.0,Internship,433.0,72.16666666666667,B,8.0,72,Critical,True,2,Medium Risk
DS0685,Student_0685,Other,Computer Science,1,3,24,72.41,67.0,94,68,80,100,76,66,86,90,4.5,Placed,485.0,80.83333333333333,A,9.0,22,Warning,True,2,Medium Risk
DS0686,Student_0686,Other,Artificial Intelligence,1,4,22,78.31,58.0,63,79,87,100,63,68,32,76,14.7,Placed,450.0,75.0,B,8.0,55,Good,False,0,Safe
DS0687,Student_0687,Male,Data Science,2,1,22,56.4,89.0,70,51,66,39,52,71,64,89,20.7,Placed,367.0,61.16666666666667,C,7.0,139,Critical,True,2,Medium Risk
DS0688,Student_0688,Female,Artificial Intelligence,1,1,20,81.22,80.0,93,64,90,54,54,91,71,75,19.6,Not Placed,435.0,72.5,B,8.0,70,Good,False,0,Safe
DS0689,Student_0689,Other,Information Technology,2,4,23,59.51,60.0,59,77,70,64,69,74,81,87,16.8,Not Placed,399.0,66.5,C,7.0,107,Critical,True,1,Low Risk
DS0690,Student_0690,Female,Data Science,1,2,20,98.84,84.0,81,87,85,94,67,94,100,84,17.6,Internship,498.0,83.0,A,9.0,13,Excellent,False,0,Safe
DS0691,Student_0691,Other,Computer Science,1,3,23,82.28,49.0,75,62,73,71,77,93,100,85,27.8,Not Placed,407.0,67.83333333333333,C,7.0,99,Good,True,1,Low Risk
DS0692,Student_0692,Other,Data Science,2,2,22,75.68,73.0,70,78,70,58,62,66,79,86,8.1,Placed,411.0,68.5,C,7.0,94,Good,True,1,Low Risk
DS0693,Student_0693,Other,Data Science,2,3,22,88.51,51.0,84,49,78,94,94,100,36,68,21.9,Not Placed,450.0,75.0,B,8.0,55,Excellent,True,1,Low Risk
DS0694,Student_0694,Other,Information Technology,2,3,24,91.44,65.0,89,69,72,66,62,84,88,58,4.1,Internship,423.0,70.5,B,8.0,82,Excellent,True,1,Low Risk
DS0695,Student_0695,Other,Information Technology,1,1,22,78.91,70.0,100,89,62,76,81,75,89,63,4.1,Not Placed,478.0,79.66666666666666,B,8.0,27,Good,True,1,Low Risk
DS0696,Student_0696,Other,Data Science,1,1,20,84.78,75.0,39,65,88,79,86,68,86,74,28.0,Internship,432.0,72.0,B,8.0,73,Good,True,1,Low Risk
DS0697,Student_0697,Male,Computer Science,2,4,21,75.98,62.0,91,79,70,78,74,49,84,56,14.5,Internship,454.0,75.66666666666667,B,8.0,51,Good,False,0,Safe
DS0698,Student_0698,Female,Information Technology,1,4,24,89.72,80.0,83,43,69,77,71,66,45,72,24.6,Not Placed,423.0,70.5,B,8.0,82,Excellent,True,1,Low Risk
DS0699,Student_0699,Female,Data Science,1,2,23,74.06,51.0,100,57,71,52,71,67,86,100,23.9,Not Placed,402.0,67.0,C,7.0,104,Warning,True,1,Low Risk
DS0700,Student_0700,Other,Data Science,1,2,23,98.23,52.0,73,42,84,45,58,85,81,56,27.9,Placed,354.0,59.0,D,6.0,150,Excellent,True,1,Low Risk
DS0701,Student_0701,Female,Data Science,1,2,24,65.36,58.0,96,100,78,85,25,70,33,81,2.8,Not Placed,442.0,73.66666666666667,B,8.0,63,Warning,True,3,High Risk
DS0702,Student_0702,Male,Information Technology,1,1,22,58.04,87.0,88,63,78,67,74,73,68,79,11.5,Placed,457.0,76.16666666666667,B,8.0,48,Critical,True,1,Low Risk
DS0703,Student_0703,Other,Computer Science,2,2,20,58.56,98.0,72,73,73,85,79,73,69,83,16.1,Internship,480.0,80.0,A,9.0,25,Critical,True,1,Low Risk
DS0704,Student_0704,Female,Information Technology,2,3,23,90.74,79.0,51,70,50,76,42,78,47,64,5.5,Not Placed,368.0,61.33333333333333,C,7.0,138,Excellent,True,2,Medium Risk
DS0705,Student_0705,Female,Data Science,1,3,24,64.14,45.0,72,78,77,79,70,62,73,73,37.5,Not Placed,421.0,70.16666666666667,B,8.0,84,Critical,True,2,Medium Risk
DS0706,Student_0706,Female,Information Technology,1,2,21,63.19,50.0,68,49,64,65,83,65,66,76,19.9,Internship,379.0,63.16666666666667,C,7.0,127,Critical,True,2,Medium Risk
DS0707,Student_0707,Female,Artificial Intelligence,1,3,24,79.8,66.0,66,44,78,60,81,80,67,66,19.9,Placed,395.0,65.83333333333333,C,7.0,111,Good,True,1,Low Risk
DS0708,Student_0708,Female,Artificial Intelligence,1,4,21,86.17,77.0,65,45,77,58,73,84,73,45,24.9,Not Placed,395.0,65.83333333333333,C,7.0,111,Excellent,True,1,Low Risk
DS0709,Student_0709,Male,Information Technology,1,4,21,55.23,76.0,52,58,73,80,63,61,94,100,17.6,Not Placed,402.0,67.0,C,7.0,104,Critical,True,1,Low Risk
DS0710,Student_0710,Female,Data Science,1,1,20,83.4,60.0,67,77,47,61,92,65,73,84,29.7,Placed,404.0,67.33333333333333,C,7.0,102,Good,True,1,Low Risk
DS0711,Student_0711,Male,Data Science,1,3,22,100.0,68.0,69,93,62,50,74,53,71,93,7.4,Internship,416.0,69.33333333333334,C,7.0,89,Excellent,True,1,Low Risk
DS0712,Student_0712,Other,Artificial Intelligence,1,2,23,73.93,66.0,64,60,74,77,76,100,100,100,9.4,Internship,417.0,69.5,C,7.0,88,Warning,True,2,Medium Risk
DS0713,Student_0713,Female,Artificial Intelligence,1,1,23,76.88,79.0,83,81,65,89,70,81,75,77,15.7,Internship,467.0,77.83333333333333,B,8.0,38,Good,False,0,Safe
DS0714,Student_0714,Female,Artificial Intelligence,1,2,22,54.41,82.0,67,48,79,58,50,69,89,68,14.8,Not Placed,384.0,64.0,C,7.0,122,Critical,True,2,Medium Risk
DS0715,Student_0715,Other,Data Science,2,2,20,80.09,86.0,82,85,28,96,80,70,81,91,15.4,Not Placed,457.0,76.16666666666667,B,8.0,48,Good,True,1,Low Risk
DS0716,Student_0716,Male,Artificial Intelligence,1,3,22,78.22,66.0,78,66,65,86,89,63,70,64,15.9,Placed,450.0,75.0,B,8.0,55,Good,False,0,Safe
DS0717,Student_0717,Male,Artificial Intelligence,1,4,21,88.69,54.0,51,88,55,70,84,95,78,47,12.3,Internship,402.0,67.0,C,7.0,104,Excellent,False,0,Safe
DS0718,Student_0718,Other,Computer Science,2,4,23,67.82,80.0,61,94,69,71,87,88,49,70,21.8,Placed,462.0,77.0,B,8.0,43,Warning,True,1,Low Risk
DS0719,Student_0719,Other,Computer Science,2,1,23,70.23,71.0,92,46,45,82,83,64,74,88,7.8,Internship,419.0,69.83333333333334,C,7.0,86,Warning,True,3,High Risk
DS0720,Student_0720,Male,Information Technology,1,1,20,71.44,67.0,66,76,70,62,89,82,76,83,19.9,Placed,430.0,71.66666666666667,B,8.0,75,Warning,True,1,Low Risk
DS0721,Student_0721,Male,Data Science,1,3,20,86.05,100.0,59,46,54,59,55,100,66,50,23.4,Not Placed,373.0,62.16666666666667,C,7.0,133,Excellent,True,1,Low Risk
DS0722,Student_0722,Female,Data Science,1,2,20,70.04,42.0,59,78,68,67,52,56,59,80,18.4,Internship,366.0,61.0,C,7.0,140,Warning,True,2,Medium Risk
DS0723,Student_0723,Female,Artificial Intelligence,1,3,22,88.99,58.0,37,76,57,80,59,77,77,48,8.1,Placed,367.0,61.16666666666667,C,7.0,139,Excellent,True,2,Medium Risk
DS0724,Student_0724,Male,Computer Science,2,4,23,73.22,32.0,96,93,76,72,47,48,92,73,3.7,Not Placed,416.0,69.33333333333334,C,7.0,89,Warning,True,3,High Risk
DS0725,Student_0725,Female,Data Science,1,1,23,100.0,56.0,51,68,73,62,82,66,58,59,14.5,Internship,392.0,65.33333333333333,C,7.0,114,Excellent,False,0,Safe
DS0726,Student_0726,Male,Artificial Intelligence,2,2,21,78.2,44.0,74,41,72,50,64,64,58,64,21.8,Internship,345.0,57.49999999999999,D,6.0,156,Good,True,1,Low Risk
DS0727,Student_0727,Other,Artificial Intelligence,2,1,23,72.9,63.0,100,76,55,64,58,85,90,95,19.7,Placed,416.0,69.33333333333334,C,7.0,89,Warning,True,1,Low Risk
DS0728,Student_0728,Female,Computer Science,2,3,22,91.25,69.0,82,53,42,77,55,87,74,68,16.8,Placed,378.0,63.0,C,7.0,128,Excellent,True,1,Low Risk
DS0729,Student_0729,Other,Information Technology,2,3,22,82.58,61.0,67,100,73,77,59,90,91,79,15.2,Not Placed,437.0,72.83333333333334,B,8.0,68,Good,False,0,Safe
DS0730,Student_0730,Male,Data Science,1,4,22,74.34,83.0,56,59,69,44,82,71,72,69,15.5,Internship,393.0,65.5,C,7.0,113,Warning,True,2,Medium Risk
DS0731,Student_0731,Female,Artificial Intelligence,2,1,23,74.0,69.0,63,58,86,38,67,73,88,79,7.7,Placed,381.0,63.5,C,7.0,125,Warning,True,3,High Risk
DS0732,Student_0732,Male,Computer Science,2,2,22,55.81,63.0,83,52,69,70,64,63,79,88,11.9,Internship,401.0,66.83333333333333,C,7.0,105,Critical,True,1,Low Risk
DS0733,Student_0733,Other,Data Science,1,1,24,99.69,69.0,57,53,86,62,34,72,69,56,4.6,Placed,361.0,60.16666666666667,C,7.0,144,Excellent,True,2,Medium Risk
DS0734,Student_0734,Other,Artificial Intelligence,1,1,22,80.09,68.0,75,75,63,70,42,60,71,70,19.0,Internship,393.0,65.5,C,7.0,113,Good,True,1,Low Risk
DS0735,Student_0735,Other,Data Science,1,2,22,70.23,70.0,51,45,74,91,71,77,90,82,21.2,Not Placed,402.0,67.0,C,7.0,104,Warning,True,2,Medium Risk
DS0736,Student_0736,Male,Artificial Intelligence,2,2,23,88.06,63.0,67,68,69,88,35,64,66,100,23.1,Not Placed,390.0,65.0,C,7.0,116,Excellent,True,1,Low Risk
DS0737,Student_0737,Other,Artificial Intelligence,2,4,22,62.85,79.0,76,68,100,82,59,81,67,82,19.1,Internship,464.0,77.33333333333333,B,8.0,41,Critical,True,1,Low Risk
DS0738,Student_0738,Female,Artificial Intelligence,1,3,22,71.14,61.0,79,63,64,62,87,31,87,69,9.9,Internship,416.0,69.33333333333334,C,7.0,89,Warning,True,2,Medium Risk
DS0739,Student_0739,Other,Computer Science,1,3,21,89.85,61.0,64,89,72,89,77,89,68,77,20.1,Placed,452.0,75.33333333333333,B,8.0,53,Excellent,False,0,Safe
DS0740,Student_0740,Male,Artificial Intelligence,1,2,20,89.54,64.0,53,58,66,80,89,67,65,53,19.4,Not Placed,410.0,68.33333333333333,C,7.0,95,Excellent,False,0,Safe
DS0741,Student_0741,Female,Computer Science,2,3,21,84.82,68.0,60,66,87,55,57,74,66,87,24.1,Internship,393.0,65.5,C,7.0,113,Good,False,0,Safe
DS0742,Student_0742,Female,Information Technology,2,3,22,90.05,86.0,52,90,65,59,67,77,63,64,18.9,Internship,419.0,69.83333333333334,C,7.0,86,Excellent,False,0,Safe
DS0743,Student_0743,Female,Data Science,2,3,23,74.16,69.0,49,83,63,94,49,100,74,63,3.2,Placed,407.0,67.83333333333333,C,7.0,99,Warning,True,3,High Risk
DS0744,Student_0744,Male,Information Technology,1,4,24,99.47,44.0,62,60,67,36,69,46,59,62,17.0,Not Placed,338.0,56.333333333333336,D,6.0,162,Excellent,True,1,Low Risk
DS0745,Student_0745,Male,Computer Science,1,3,22,72.68,52.0,95,71,68,94,70,100,81,79,9.2,Internship,450.0,75.0,B,8.0,55,Warning,True,2,Medium Risk
DS0746,Student_0746,Female,Data Science,2,2,23,80.94,84.0,50,46,62,99,98,77,83,88,14.6,Internship,439.0,73.16666666666667,B,8.0,66,Good,True,1,Low Risk
DS0747,Student_0747,Female,Artificial Intelligence,1,2,24,67.22,78.0,59,78,62,77,76,70,50,68,13.4,Not Placed,430.0,71.66666666666667,B,8.0,75,Warning,True,1,Low Risk
DS0748,Student_0748,Other,Computer Science,1,2,23,60.23,90.0,72,85,75,62,72,49,67,39,28.6,Placed,456.0,76.0,B,8.0,49,Critical,True,1,Low Risk
DS0749,Student_0749,Other,Computer Science,1,4,22,94.31,79.0,60,53,85,53,55,90,72,90,11.3,Internship,385.0,64.16666666666667,C,7.0,121,Excellent,False,0,Safe
DS0750,Student_0750,Male,Information Technology,2,4,23,64.55,43.0,60,58,61,56,63,63,83,71,10.9,Not Placed,341.0,56.833333333333336,D,6.0,159,Critical,True,2,Medium Risk
DS0751,Student_0751,Male,Data Science,1,3,23,83.0,81.0,84,70,58,74,67,90,92,81,12.5,Placed,434.0,72.33333333333334,B,8.0,71,Good,False,0,Safe
DS0752,Student_0752,Male,Artificial Intelligence,2,4,20,86.25,86.0,77,100,75,80,74,92,76,68,13.7,Placed,492.0,82.0,A,9.0,18,Excellent,False,0,Safe
DS0753,Student_0753,Female,Artificial Intelligence,2,1,21,100.0,50.0,95,62,85,74,75,76,88,95,13.1,Internship,441.0,73.5,B,8.0,64,Excellent,False,0,Safe
DS0754,Student_0754,Other,Information Technology,2,3,20,57.99,76.0,71,53,67,79,63,82,68,65,14.1,Not Placed,409.0,68.16666666666666,C,7.0,96,Critical,True,1,Low Risk
DS0755,Student_0755,Other,Information Technology,1,4,23,70.21,80.0,81,73,86,89,82,51,41,76,18.1,Placed,491.0,81.83333333333334,A,9.0,19,Warning,True,1,Low Risk
DS0756,Student_0756,Male,Computer Science,2,3,23,62.69,52.0,86,72,90,76,54,76,56,91,13.1,Placed,430.0,71.66666666666667,B,8.0,75,Critical,True,1,Low Risk
DS0757,Student_0757,Male,Data Science,2,1,20,64.45,96.0,38,72,91,57,68,73,79,71,9.0,Internship,422.0,70.33333333333334,B,8.0,83,Critical,True,3,High Risk
DS0758,Student_0758,Female,Artificial Intelligence,2,3,20,68.9,85.0,81,54,51,56,78,88,63,77,5.2,Placed,405.0,67.5,C,7.0,101,Warning,True,2,Medium Risk
DS0759,Student_0759,Male,Computer Science,2,2,24,88.05,61.0,85,59,82,35,62,90,61,69,17.0,Internship,384.0,64.0,C,7.0,122,Excellent,True,1,Low Risk
DS0760,Student_0760,Male,Computer Science,1,3,23,98.42,48.0,63,89,78,68,72,94,82,62,8.9,Placed,418.0,69.66666666666667,C,7.0,87,Excellent,True,2,Medium Risk
DS0761,Student_0761,Other,Artificial Intelligence,1,1,23,78.16,65.0,71,43,77,89,79,81,81,91,8.1,Internship,424.0,70.66666666666667,B,8.0,81,Good,True,2,Medium Risk
DS0762,Student_0762,Female,Computer Science,1,4,24,59.18,73.0,65,69,83,85,91,95,67,82,20.8,Placed,466.0,77.66666666666666,B,8.0,39,Critical,True,1,Low Risk
DS0763,Student_0763,Female,Information Technology,1,3,20,99.61,51.0,56,93,74,61,68,89,69,57,23.4,Placed,403.0,67.16666666666666,C,7.0,103,Excellent,False,0,Safe
DS0764,Student_0764,Other,Computer Science,1,1,23,96.89,77.0,48,67,100,70,59,78,90,62,17.1,Internship,421.0,70.16666666666667,B,8.0,84,Excellent,True,1,Low Risk
DS0765,Student_0765,Other,Data Science,1,1,23,76.86,74.0,91,75,61,71,45,87,92,83,29.5,Internship,417.0,69.5,C,7.0,88,Good,True,1,Low Risk
DS0766,Student_0766,Other,Information Technology,1,1,21,74.58,78.0,75,74,51,84,33,100,88,64,12.7,Not Placed,395.0,65.83333333333333,C,7.0,111,Warning,True,2,Medium Risk
DS0767,Student_0767,Female,Artificial Intelligence,1,3,24,100.0,51.0,81,66,41,72,77,75,82,66,20.8,Not Placed,388.0,64.66666666666666,C,7.0,118,Excellent,True,1,Low Risk
DS0768,Student_0768,Female,Computer Science,1,1,20,91.93,48.0,63,52,61,89,61,82,73,86,28.9,Not Placed,374.0,62.33333333333333,C,7.0,132,Excellent,True,1,Low Risk
DS0769,Student_0769,Other,Information Technology,1,3,23,79.2,60.0,56,55,85,87,62,77,64,90,18.4,Not Placed,405.0,67.5,C,7.0,101,Good,False,0,Safe
DS0770,Student_0770,Other,Computer Science,2,1,22,68.42,79.0,72,78,77,56,76,62,65,77,15.1,Not Placed,438.0,73.0,B,8.0,67,Warning,True,1,Low Risk
DS0771,Student_0771,Other,Artificial Intelligence,2,3,22,62.43,53.0,53,39,25,68,100,55,54,71,14.7,Placed,338.0,56.333333333333336,D,6.0,162,Critical,True,2,Medium Risk
DS0772,Student_0772,Female,Data Science,1,4,22,57.55,74.0,80,65,71,54,50,74,53,99,11.9,Not Placed,394.0,65.66666666666666,C,7.0,112,Critical,True,1,Low Risk
DS0773,Student_0773,Other,Artificial Intelligence,2,2,22,74.17,80.0,86,56,71,78,72,80,85,85,18.4,Internship,443.0,73.83333333333333,B,8.0,62,Warning,True,1,Low Risk
DS0774,Student_0774,Other,Artificial Intelligence,1,4,21,77.53,80.0,80,92,69,72,84,56,79,96,4.6,Internship,477.0,79.5,B,8.0,28,Good,True,1,Low Risk
DS0775,Student_0775,Female,Computer Science,1,2,23,80.77,85.0,32,64,98,65,71,100,53,69,9.5,Placed,415.0,69.16666666666667,C,7.0,90,Good,True,2,Medium Risk
DS0776,Student_0776,Male,Artificial Intelligence,1,1,22,75.69,54.0,87,70,62,62,62,63,74,78,12.1,Placed,397.0,66.16666666666666,C,7.0,109,Good,False,0,Safe
DS0777,Student_0777,Female,Computer Science,2,1,24,100.0,68.0,100,100,54,56,54,74,82,82,11.9,Not Placed,432.0,72.0,B,8.0,73,Excellent,False,0,Safe
DS0778,Student_0778,Female,Artificial Intelligence,2,3,24,77.2,86.0,57,90,61,63,54,67,83,81,11.0,Placed,411.0,68.5,C,7.0,94,Good,False,0,Safe
DS0779,Student_0779,Other,Information Technology,1,1,20,95.39,63.0,66,92,58,59,53,90,100,73,14.2,Internship,391.0,65.16666666666666,C,7.0,115,Excellent,False,0,Safe
DS0780,Student_0780,Other,Artificial Intelligence,2,4,20,94.27,50.0,80,72,80,53,75,100,55,85,2.0,Not Placed,410.0,68.33333333333333,C,7.0,95,Excellent,True,1,Low Risk
DS0781,Student_0781,Male,Information Technology,1,4,21,98.97,80.0,42,62,50,67,83,81,54,67,26.9,Internship,384.0,64.0,C,7.0,122,Excellent,True,1,Low Risk
DS0782,Student_0782,Other,Data Science,1,1,22,78.76,81.0,56,66,66,62,44,77,100,75,23.7,Internship,375.0,62.5,C,7.0,131,Good,True,1,Low Risk
DS0783,Student_0783,Male,Artificial Intelligence,1,2,24,70.11,61.0,66,70,58,67,83,91,73,72,2.0,Internship,405.0,67.5,C,7.0,101,Warning,True,2,Medium Risk
DS0784,Student_0784,Female,Artificial Intelligence,2,2,24,91.58,64.0,76,96,79,87,52,85,76,70,9.1,Internship,454.0,75.66666666666667,B,8.0,51,Excellent,True,1,Low Risk
DS0785,Student_0785,Male,Computer Science,2,1,23,62.4,97.0,79,75,64,71,72,76,45,70,12.4,Not Placed,458.0,76.33333333333333,B,8.0,47,Critical,True,1,Low Risk
DS0786,Student_0786,Female,Data Science,1,1,20,79.26,77.0,100,41,100,67,75,45,73,87,14.3,Not Placed,460.0,76.66666666666667,B,8.0,45,Good,True,1,Low Risk
DS0787,Student_0787,Female,Artificial Intelligence,2,4,22,77.77,88.0,87,60,94,71,71,54,96,98,22.0,Not Placed,471.0,78.5,B,8.0,34,Good,False,0,Safe
DS0788,Student_0788,Female,Data Science,2,4,22,92.46,66.0,55,60,99,60,35,93,72,43,16.2,Internship,375.0,62.5,C,7.0,131,Excellent,True,1,Low Risk
DS0789,Student_0789,Other,Computer Science,2,2,24,68.23,79.0,68,67,56,55,98,84,98,52,19.2,Not Placed,423.0,70.5,B,8.0,82,Warning,True,1,Low Risk
DS0790,Student_0790,Other,Information Technology,1,3,20,88.06,78.0,78,95,100,66,80,78,58,68,12.8,Placed,497.0,82.83333333333334,A,9.0,14,Excellent,False,0,Safe
DS0791,Student_0791,Other,Computer Science,2,1,22,77.9,57.0,75,76,85,57,61,91,89,91,16.2,Placed,411.0,68.5,C,7.0,94,Good,False,0,Safe
DS0792,Student_0792,Male,Data Science,1,4,21,86.98,57.0,99,83,63,91,62,86,100,63,26.0,Not Placed,455.0,75.83333333333333,B,8.0,50,Excellent,False,0,Safe
DS0793,Student_0793,Other,Information Technology,1,4,21,78.22,70.0,51,68,70,54,75,74,75,91,17.9,Not Placed,388.0,64.66666666666666,C,7.0,118,Good,False,0,Safe
DS0794,Student_0794,Male,Data Science,1,3,24,85.16,49.0,62,72,87,89,97,58,71,100,18.1,Placed,456.0,76.0,B,8.0,49,Excellent,True,1,Low Risk
DS0795,Student_0795,Other,Information Technology,2,2,24,98.51,57.0,76,62,56,100,86,79,25,100,17.3,Not Placed,437.0,72.83333333333334,B,8.0,68,Excellent,False,0,Safe
DS0796,Student_0796,Other,Artificial Intelligence,1,3,20,71.26,75.0,86,77,81,64,52,93,65,68,13.4,Placed,435.0,72.5,B,8.0,70,Warning,True,1,Low Risk
DS0797,Student_0797,Other,Data Science,2,4,24,78.22,69.0,46,62,73,73,87,65,72,83,21.8,Not Placed,410.0,68.33333333333333,C,7.0,95,Good,True,1,Low Risk
DS0798,Student_0798,Male,Information Technology,2,1,24,83.08,79.0,68,82,89,83,70,82,50,67,17.7,Placed,471.0,78.5,B,8.0,34,Good,False,0,Safe
DS0799,Student_0799,Other,Artificial Intelligence,2,1,22,70.85,57.0,77,65,59,71,76,50,48,68,6.8,Placed,405.0,67.5,C,7.0,101,Warning,True,2,Medium Risk
DS0800,Student_0800,Other,Artificial Intelligence,2,1,21,100.0,65.0,95,49,66,100,76,67,60,54,16.7,Placed,451.0,75.16666666666667,B,8.0,54,Excellent,True,1,Low Risk
DS0801,Student_0801,Male,Artificial Intelligence,2,4,23,65.56,49.0,63,56,86,62,76,68,100,88,15.1,Not Placed,392.0,65.33333333333333,C,7.0,114,Warning,True,2,Medium Risk
DS0802,Student_0802,Other,Information Technology,2,1,20,93.1,100.0,56,87,47,66,50,66,76,87,5.6,Placed,406.0,67.66666666666666,C,7.0,100,Excellent,True,2,Medium Risk
DS0803,Student_0803,Other,Data Science,1,2,22,76.71,59.0,71,79,91,67,65,73,80,66,10.6,Placed,432.0,72.0,B,8.0,73,Good,False,0,Safe
DS0804,Student_0804,Male,Information Technology,2,1,20,75.17,76.0,25,61,53,88,63,76,65,68,8.9,Not Placed,366.0,61.0,C,7.0,140,Good,True,2,Medium Risk
DS0805,Student_0805,Male,Data Science,1,1,23,100.0,53.0,71,75,49,81,81,70,56,51,28.3,Placed,410.0,68.33333333333333,C,7.0,95,Excellent,True,1,Low Risk
DS0806,Student_0806,Female,Data Science,1,3,24,85.45,97.0,56,59,65,88,51,71,78,52,10.1,Placed,416.0,69.33333333333334,C,7.0,89,Excellent,False,0,Safe
DS0807,Student_0807,Other,Computer Science,2,3,24,76.4,72.0,36,65,65,65,62,54,72,70,12.8,Internship,365.0,60.83333333333333,C,7.0,141,Good,True,1,Low Risk
DS0808,Student_0808,Female,Computer Science,1,1,22,83.96,38.0,80,52,71,58,64,80,45,70,14.4,Not Placed,363.0,60.5,C,7.0,143,Good,True,1,Low Risk
DS0809,Student_0809,Male,Data Science,2,3,20,52.6,88.0,62,74,73,87,68,86,82,88,11.3,Placed,452.0,75.33333333333333,B,8.0,53,Critical,True,1,Low Risk
DS0810,Student_0810,Female,Computer Science,1,2,21,78.45,62.0,68,92,95,82,75,60,69,58,23.2,Not Placed,474.0,79.0,B,8.0,31,Good,False,0,Safe
DS0811,Student_0811,Other,Artificial Intelligence,1,2,22,77.07,78.0,91,46,99,46,52,63,51,91,21.6,Placed,412.0,68.66666666666667,C,7.0,93,Good,True,1,Low Risk
DS0812,Student_0812,Other,Data Science,2,2,24,85.47,90.0,76,30,51,77,64,82,62,77,6.6,Placed,388.0,64.66666666666666,C,7.0,118,Excellent,True,2,Medium Risk
DS0813,Student_0813,Other,Data Science,2,2,21,82.43,68.0,32,46,65,100,43,85,66,67,16.6,Placed,354.0,59.0,D,6.0,150,Good,True,1,Low Risk
DS0814,Student_0814,Other,Information Technology,2,1,23,77.5,60.0,81,46,83,71,67,79,58,74,6.4,Placed,408.0,68.0,C,7.0,97,Good,True,2,Medium Risk
DS0815,Student_0815,Male,Data Science,2,2,22,68.59,71.0,76,75,56,65,78,91,54,84,21.0,Placed,421.0,70.16666666666667,B,8.0,84,Warning,True,1,Low Risk
DS0816,Student_0816,Male,Artificial Intelligence,1,1,23,66.24,62.0,52,40,61,78,54,73,64,57,11.4,Placed,347.0,57.833333333333336,D,6.0,155,Warning,True,2,Medium Risk
DS0817,Student_0817,Male,Data Science,1,3,21,69.72,56.0,50,86,65,37,61,82,87,81,6.4,Not Placed,355.0,59.166666666666664,D,6.0,149,Warning,True,3,High Risk
DS0818,Student_0818,Female,Information Technology,2,4,20,82.71,56.0,88,58,85,64,72,76,78,67,9.5,Not Placed,423.0,70.5,B,8.0,82,Good,True,1,Low Risk
DS0819,Student_0819,Female,Data Science,2,1,21,92.69,73.0,55,86,68,65,77,76,46,80,12.1,Placed,424.0,70.66666666666667,B,8.0,81,Excellent,False,0,Safe
DS0820,Student_0820,Male,Artificial Intelligence,1,3,23,98.35,57.0,53,85,41,57,72,54,75,82,9.8,Placed,365.0,60.83333333333333,C,7.0,141,Excellent,True,2,Medium Risk
DS0821,Student_0821,Other,Data Science,2,3,20,86.09,80.0,62,80,42,75,64,73,83,86,19.3,Placed,403.0,67.16666666666666,C,7.0,103,Excellent,True,1,Low Risk
DS0822,Student_0822,Other,Computer Science,1,3,20,100.0,36.0,55,91,51,83,81,62,60,60,24.5,Not Placed,397.0,66.16666666666666,C,7.0,109,Excellent,True,1,Low Risk
DS0823,Student_0823,Female,Information Technology,2,2,21,58.6,66.0,61,91,79,56,52,58,53,44,8.3,Internship,405.0,67.5,C,7.0,101,Critical,True,2,Medium Risk
DS0824,Student_0824,Other,Computer Science,1,1,22,81.47,56.0,63,95,66,67,78,100,85,58,18.6,Placed,425.0,70.83333333333334,B,8.0,80,Good,False,0,Safe
DS0825,Student_0825,Other,Computer Science,2,2,22,82.07,58.0,77,49,53,75,85,67,84,90,15.6,Placed,397.0,66.16666666666666,C,7.0,109,Good,True,1,Low Risk
DS0826,Student_0826,Female,Data Science,2,1,24,100.0,68.0,94,70,71,77,69,86,63,85,18.2,Placed,449.0,74.83333333333333,B,8.0,56,Excellent,False,0,Safe
DS0827,Student_0827,Male,Information Technology,1,1,22,79.88,90.0,62,73,69,71,57,68,83,63,23.6,Internship,422.0,70.33333333333334,B,8.0,83,Good,False,0,Safe
DS0828,Student_0828,Other,Artificial Intelligence,2,3,22,69.29,86.0,89,76,63,72,76,100,73,58,10.2,Internship,462.0,77.0,B,8.0,43,Warning,True,1,Low Risk
DS0829,Student_0829,Male,Artificial Intelligence,1,1,24,71.1,92.0,97,85,90,88,78,85,93,71,13.8,Placed,530.0,88.33333333333333,A,9.0,1,Warning,True,1,Low Risk
DS0830,Student_0830,Other,Data Science,2,3,20,77.11,77.0,60,50,87,63,70,57,66,83,17.3,Not Placed,407.0,67.83333333333333,C,7.0,99,Good,False,0,Safe
DS0831,Student_0831,Female,Computer Science,2,4,21,86.8,72.0,73,81,69,77,55,68,72,74,9.6,Not Placed,427.0,71.16666666666667,B,8.0,78,Excellent,True,1,Low Risk
DS0832,Student_0832,Other,Artificial Intelligence,1,4,24,88.94,77.0,45,96,82,80,44,90,89,90,19.7,Internship,424.0,70.66666666666667,B,8.0,81,Excellent,True,1,Low Risk
DS0833,Student_0833,Female,Data Science,2,3,22,66.49,57.0,85,53,52,51,85,64,62,53,12.5,Not Placed,383.0,63.83333333333333,C,7.0,123,Warning,True,1,Low Risk
DS0834,Student_0834,Other,Data Science,1,4,20,93.11,54.0,79,80,51,66,98,79,65,76,16.6,Placed,428.0,71.33333333333334,B,8.0,77,Excellent,False,0,Safe
DS0835,Student_0835,Other,Computer Science,1,3,21,71.95,69.0,50,89,86,54,65,69,50,77,24.1,Not Placed,413.0,68.83333333333333,C,7.0,92,Warning,True,1,Low Risk
DS0836,Student_0836,Other,Information Technology,2,2,23,67.36,83.0,68,42,81,72,76,82,72,56,6.1,Internship,422.0,70.33333333333334,B,8.0,83,Warning,True,3,High Risk
DS0837,Student_0837,Female,Data Science,1,3,24,82.16,65.0,51,78,64,61,59,73,56,64,13.2,Internship,378.0,63.0,C,7.0,128,Good,False,0,Safe
DS0838,Student_0838,Female,Artificial Intelligence,2,2,23,100.0,100.0,50,64,71,65,86,96,69,74,16.3,Internship,436.0,72.66666666666667,B,8.0,69,Excellent,False,0,Safe
DS0839,Student_0839,Female,Computer Science,1,1,24,73.24,72.0,57,84,73,69,51,79,100,83,26.1,Internship,406.0,67.66666666666666,C,7.0,100,Warning,True,1,Low Risk
DS0840,Student_0840,Other,Computer Science,2,4,23,72.84,80.0,87,98,59,58,80,99,55,85,19.7,Not Placed,462.0,77.0,B,8.0,43,Warning,True,1,Low Risk
DS0841,Student_0841,Female,Information Technology,2,2,20,85.99,46.0,58,60,78,64,69,66,62,100,2.6,Placed,375.0,62.5,C,7.0,131,Excellent,True,2,Medium Risk
DS0842,Student_0842,Female,Data Science,1,4,20,63.69,74.0,52,64,60,55,71,97,63,71,11.9,Internship,376.0,62.66666666666667,C,7.0,130,Critical,True,1,Low Risk
DS0843,Student_0843,Other,Computer Science,1,2,23,81.73,69.0,90,100,81,86,96,80,44,79,5.2,Placed,522.0,87.0,A,9.0,5,Good,True,1,Low Risk
DS0844,Student_0844,Female,Computer Science,2,4,22,85.29,46.0,73,53,70,72,73,57,69,91,22.8,Not Placed,387.0,64.5,C,7.0,119,Excellent,True,1,Low Risk
DS0845,Student_0845,Female,Artificial Intelligence,2,3,21,77.35,58.0,62,55,60,49,68,90,62,66,10.1,Not Placed,352.0,58.666666666666664,D,6.0,152,Good,True,1,Low Risk
DS0846,Student_0846,Male,Artificial Intelligence,1,4,20,74.46,53.0,78,68,71,89,90,79,46,96,19.6,Placed,449.0,74.83333333333333,B,8.0,56,Warning,True,1,Low Risk
DS0847,Student_0847,Female,Computer Science,1,4,20,76.33,57.0,61,44,65,63,50,81,71,58,11.4,Placed,340.0,56.666666666666664,D,6.0,160,Good,True,1,Low Risk
DS0848,Student_0848,Male,Artificial Intelligence,2,1,23,83.88,66.0,74,70,73,47,80,100,74,73,9.1,Placed,410.0,68.33333333333333,C,7.0,95,Good,True,2,Medium Risk
DS0849,Student_0849,Male,Artificial Intelligence,2,3,20,95.03,93.0,53,76,63,67,49,67,77,87,19.3,Internship,401.0,66.83333333333333,C,7.0,105,Excellent,True,1,Low Risk
DS0850,Student_0850,Other,Data Science,2,2,23,81.88,37.0,80,68,65,68,46,91,59,96,22.6,Not Placed,364.0,60.66666666666667,C,7.0,142,Good,True,1,Low Risk
DS0851,Student_0851,Male,Information Technology,1,4,20,71.77,64.0,53,48,74,59,88,75,86,76,16.8,Not Placed,386.0,64.33333333333333,C,7.0,120,Warning,True,2,Medium Risk
DS0852,Student_0852,Other,Information Technology,2,1,21,82.97,73.0,45,76,72,83,79,70,78,69,27.5,Not Placed,428.0,71.33333333333334,B,8.0,77,Good,True,1,Low Risk
DS0853,Student_0853,Male,Artificial Intelligence,2,1,23,93.82,100.0,83,93,47,49,65,100,91,91,17.6,Internship,437.0,72.83333333333334,B,8.0,68,Excellent,True,1,Low Risk
DS0854,Student_0854,Other,Computer Science,1,2,20,73.98,57.0,71,100,65,63,87,76,88,62,23.6,Internship,443.0,73.83333333333333,B,8.0,62,Warning,True,1,Low Risk
DS0855,Student_0855,Male,Data Science,1,3,21,60.89,72.0,100,75,69,79,65,73,40,69,17.7,Placed,460.0,76.66666666666667,B,8.0,45,Critical,True,1,Low Risk
DS0856,Student_0856,Female,Information Technology,1,3,20,78.01,71.0,64,69,58,70,71,100,69,70,13.0,Not Placed,403.0,67.16666666666666,C,7.0,103,Good,False,0,Safe
DS0857,Student_0857,Male,Information Technology,2,3,21,82.36,55.0,80,60,61,62,55,98,83,82,29.2,Internship,373.0,62.16666666666667,C,7.0,133,Good,False,0,Safe
DS0858,Student_0858,Female,Data Science,2,1,21,84.97,69.0,71,70,93,70,60,72,80,52,17.1,Internship,433.0,72.16666666666667,B,8.0,72,Good,False,0,Safe
DS0859,Student_0859,Male,Artificial Intelligence,2,3,22,87.8,63.0,100,72,61,49,90,84,72,77,17.6,Not Placed,435.0,72.5,B,8.0,70,Excellent,True,1,Low Risk
DS0860,Student_0860,Other,Computer Science,2,2,23,91.02,75.0,76,86,71,58,68,97,53,76,13.2,Not Placed,434.0,72.33333333333334,B,8.0,71,Excellent,False,0,Safe
DS0861,Student_0861,Female,Artificial Intelligence,1,2,21,74.94,66.0,75,51,53,65,68,79,70,87,9.5,Internship,378.0,63.0,C,7.0,128,Warning,True,2,Medium Risk
DS0862,Student_0862,Male,Information Technology,2,2,21,72.42,49.0,65,71,51,49,73,92,72,79,14.5,Internship,358.0,59.66666666666667,D,6.0,146,Warning,True,2,Medium Risk
DS0863,Student_0863,Female,Computer Science,2,3,20,88.92,30.0,53,68,75,43,69,91,78,87,13.5,Not Placed,338.0,56.333333333333336,D,6.0,162,Excellent,True,1,Low Risk
DS0864,Student_0864,Male,Computer Science,2,4,22,77.55,100.0,52,62,84,81,77,93,41,78,12.1,Not Placed,456.0,76.0,B,8.0,49,Good,False,0,Safe
DS0865,Student_0865,Female,Artificial Intelligence,1,2,20,57.95,79.0,75,75,54,69,67,55,73,100,27.5,Placed,419.0,69.83333333333334,C,7.0,86,Critical,True,1,Low Risk
DS0866,Student_0866,Female,Information Technology,2,1,23,79.33,25.0,71,84,67,63,66,60,88,51,12.1,Internship,376.0,62.66666666666667,C,7.0,130,Good,True,1,Low Risk
DS0867,Student_0867,Male,Data Science,2,3,23,82.26,61.0,100,60,38,61,77,61,96,69,11.4,Internship,397.0,66.16666666666666,C,7.0,109,Good,True,1,Low Risk
DS0868,Student_0868,Male,Data Science,2,4,21,80.87,64.0,51,63,67,81,64,66,64,80,25.7,Internship,390.0,65.0,C,7.0,116,Good,False,0,Safe
DS0869,Student_0869,Female,Computer Science,1,3,21,86.66,58.0,71,84,58,70,69,57,72,95,30.5,Internship,410.0,68.33333333333333,C,7.0,95,Excellent,False,0,Safe
DS0870,Student_0870,Other,Artificial Intelligence,2,3,24,83.46,89.0,52,77,63,74,58,81,75,81,19.7,Placed,413.0,68.83333333333333,C,7.0,92,Good,False,0,Safe
DS0871,Student_0871,Female,Data Science,2,2,22,73.93,66.0,71,96,72,71,72,72,60,76,20.1,Placed,448.0,74.66666666666667,B,8.0,57,Warning,True,1,Low Risk
DS0872,Student_0872,Male,Information Technology,2,3,20,52.77,67.0,40,79,72,55,82,77,65,66,10.8,Not Placed,395.0,65.83333333333333,C,7.0,111,Critical,True,2,Medium Risk
DS0873,Student_0873,Female,Artificial Intelligence,2,4,24,81.61,68.0,63,42,89,66,59,66,64,58,11.7,Not Placed,387.0,64.5,C,7.0,119,Good,True,1,Low Risk
DS0874,Student_0874,Other,Data Science,2,1,23,83.13,70.0,74,58,69,83,45,66,53,94,22.4,Internship,399.0,66.5,C,7.0,107,Good,True,1,Low Risk
DS0875,Student_0875,Female,Artificial Intelligence,1,3,23,64.69,41.0,48,79,66,93,79,94,78,62,21.6,Internship,406.0,67.66666666666666,C,7.0,100,Critical,True,2,Medium Risk
DS0876,Student_0876,Female,Data Science,2,2,23,58.46,100.0,67,78,64,71,47,70,91,71,14.8,Not Placed,427.0,71.16666666666667,B,8.0,78,Critical,True,2,Medium Risk
DS0877,Student_0877,Male,Artificial Intelligence,1,1,23,79.42,58.0,56,43,61,55,72,67,56,76,23.5,Internship,345.0,57.49999999999999,D,6.0,156,Good,True,1,Low Risk
DS0878,Student_0878,Female,Data Science,1,1,24,91.91,72.0,61,68,39,68,64,91,58,67,12.6,Not Placed,372.0,62.0,C,7.0,134,Excellent,True,1,Low Risk
DS0879,Student_0879,Male,Computer Science,1,2,23,94.78,82.0,72,71,78,61,90,68,86,65,10.6,Placed,454.0,75.66666666666667,B,8.0,51,Excellent,False,0,Safe
DS0880,Student_0880,Female,Information Technology,1,1,22,75.55,80.0,57,82,75,57,69,83,72,75,14.8,Placed,420.0,70.0,B,8.0,85,Good,False,0,Safe
DS0881,Student_0881,Female,Computer Science,1,2,24,95.27,57.0,75,66,56,85,71,61,75,66,9.5,Internship,410.0,68.33333333333333,C,7.0,95,Excellent,True,1,Low Risk
DS0882,Student_0882,Other,Artificial Intelligence,1,2,23,51.73,90.0,98,67,75,71,96,69,99,65,21.5,Not Placed,497.0,82.83333333333334,A,9.0,14,Critical,True,1,Low Risk
DS0883,Student_0883,Female,Artificial Intelligence,2,4,20,100.0,88.0,70,72,44,59,84,68,96,77,27.9,Not Placed,417.0,69.5,C,7.0,88,Excellent,True,1,Low Risk
DS0884,Student_0884,Male,Information Technology,2,1,20,80.19,52.0,73,64,72,88,76,74,69,60,24.4,Placed,425.0,70.83333333333334,B,8.0,80,Good,False,0,Safe
DS0885,Student_0885,Male,Artificial Intelligence,2,2,21,90.82,65.0,91,70,80,78,58,85,76,77,19.8,Placed,442.0,73.66666666666667,B,8.0,63,Excellent,False,0,Safe
DS0886,Student_0886,Other,Computer Science,2,3,23,62.96,81.0,50,74,67,64,89,46,85,77,19.3,Internship,425.0,70.83333333333334,B,8.0,80,Critical,True,1,Low Risk
DS0887,Student_0887,Female,Computer Science,2,4,23,84.64,63.0,49,52,66,51,75,82,66,77,17.7,Placed,356.0,59.333333333333336,D,6.0,148,Good,True,1,Low Risk
DS0888,Student_0888,Female,Information Technology,1,1,21,68.86,34.0,80,72,78,51,65,83,62,61,22.3,Internship,380.0,63.33333333333333,C,7.0,126,Warning,True,2,Medium Risk
DS0889,Student_0889,Female,Data Science,1,3,24,87.2,84.0,81,83,67,67,60,92,77,100,11.1,Placed,442.0,73.66666666666667,B,8.0,63,Excellent,False,0,Safe
DS0890,Student_0890,Female,Artificial Intelligence,1,2,20,81.08,42.0,81,58,66,43,57,93,82,50,20.3,Placed,347.0,57.833333333333336,D,6.0,155,Good,True,1,Low Risk
DS0891,Student_0891,Female,Artificial Intelligence,1,3,22,79.26,72.0,69,70,73,60,67,58,46,69,26.1,Internship,411.0,68.5,C,7.0,94,Good,False,0,Safe
DS0892,Student_0892,Other,Computer Science,1,3,24,83.98,69.0,73,38,77,71,60,92,68,61,14.8,Internship,388.0,64.66666666666666,C,7.0,118,Good,True,1,Low Risk
DS0893,Student_0893,Female,Data Science,1,1,23,85.82,83.0,52,79,60,74,62,100,82,55,7.0,Internship,410.0,68.33333333333333,C,7.0,95,Excellent,True,1,Low Risk
DS0894,Student_0894,Other,Data Science,2,4,24,68.28,59.0,72,73,51,57,58,58,81,74,9.7,Not Placed,370.0,61.66666666666667,C,7.0,136,Warning,True,2,Medium Risk
DS0895,Student_0895,Female,Computer Science,1,4,22,88.15,65.0,58,74,100,78,69,68,90,75,21.4,Not Placed,444.0,74.0,B,8.0,61,Excellent,False,0,Safe
DS0896,Student_0896,Male,Computer Science,2,1,24,83.76,74.0,67,56,68,83,62,56,68,88,7.2,Placed,410.0,68.33333333333333,C,7.0,95,Good,True,1,Low Risk
DS0897,Student_0897,Female,Information Technology,1,2,21,75.71,54.0,69,100,60,77,74,50,71,88,16.4,Not Placed,434.0,72.33333333333334,B,8.0,71,Good,False,0,Safe
DS0898,Student_0898,Female,Data Science,2,3,20,86.34,86.0,79,69,61,63,48,62,50,71,21.7,Placed,406.0,67.66666666666666,C,7.0,100,Excellent,True,1,Low Risk
DS0899,Student_0899,Other,Information Technology,2,2,24,78.61,67.0,78,67,81,46,94,71,75,81,23.4,Not Placed,433.0,72.16666666666667,B,8.0,72,Good,True,1,Low Risk
DS0900,Student_0900,Male,Data Science,1,1,24,79.61,91.0,75,96,71,86,76,81,84,74,2.0,Placed,495.0,82.5,A,9.0,16,Good,True,1,Low Risk
DS0901,Student_0901,Female,Computer Science,1,4,22,100.0,95.0,66,58,53,65,62,87,88,69,16.7,Placed,399.0,66.5,C,7.0,107,Excellent,False,0,Safe
DS0902,Student_0902,Other,Data Science,1,1,20,80.9,76.0,60,64,83,86,71,78,67,78,18.9,Not Placed,440.0,73.33333333333333,B,8.0,65,Good,False,0,Safe
DS0903,Student_0903,Other,Information Technology,1,1,22,93.78,74.0,52,66,76,94,66,93,92,81,32.5,Not Placed,428.0,71.33333333333334,B,8.0,77,Excellent,False,0,Safe
DS0904,Student_0904,Other,Artificial Intelligence,1,4,20,54.3,61.0,100,82,90,65,83,72,59,71,36.5,Placed,481.0,80.16666666666666,A,9.0,24,Critical,True,1,Low Risk
DS0905,Student_0905,Male,Information Technology,2,3,21,82.07,96.0,48,78,82,65,73,76,61,63,15.4,Placed,442.0,73.66666666666667,B,8.0,63,Good,True,1,Low Risk
DS0906,Student_0906,Male,Information Technology,2,1,20,59.71,83.0,69,94,60,73,65,100,73,83,25.3,Placed,444.0,74.0,B,8.0,61,Critical,True,1,Low Risk
DS0907,Student_0907,Male,Computer Science,1,2,21,77.32,83.0,59,79,98,57,100,45,65,71,8.5,Placed,476.0,79.33333333333333,B,8.0,29,Good,True,1,Low Risk
DS0908,Student_0908,Female,Information Technology,2,2,21,66.33,81.0,67,60,65,75,71,70,80,83,14.4,Placed,419.0,69.83333333333334,C,7.0,86,Warning,True,1,Low Risk
DS0909,Student_0909,Male,Information Technology,2,2,23,96.18,80.0,55,56,66,92,72,100,64,59,14.8,Internship,421.0,70.16666666666667,B,8.0,84,Excellent,False,0,Safe
DS0910,Student_0910,Other,Computer Science,1,1,20,92.31,66.0,58,100,75,77,63,49,54,71,25.5,Internship,439.0,73.16666666666667,B,8.0,66,Excellent,False,0,Safe
DS0911,Student_0911,Female,Computer Science,1,1,20,80.29,64.0,76,70,89,46,81,73,56,55,11.9,Internship,426.0,71.0,B,8.0,79,Good,True,1,Low Risk
DS0912,Student_0912,Female,Artificial Intelligence,1,2,21,82.92,72.0,59,65,42,64,85,62,96,100,17.2,Internship,387.0,64.5,C,7.0,119,Good,True,1,Low Risk
DS0913,Student_0913,Male,Information Technology,2,2,24,93.68,100.0,60,51,59,67,100,89,64,46,8.1,Not Placed,437.0,72.83333333333334,B,8.0,68,Excellent,True,1,Low Risk
DS0914,Student_0914,Female,Data Science,2,3,24,62.16,96.0,80,71,98,99,69,52,46,91,5.1,Internship,513.0,85.5,A,9.0,7,Critical,True,2,Medium Risk
DS0915,Student_0915,Other,Information Technology,1,1,20,69.13,99.0,59,96,65,47,89,73,73,69,3.3,Placed,455.0,75.83333333333333,B,8.0,50,Warning,True,3,High Risk
DS0916,Student_0916,Male,Artificial Intelligence,2,4,24,80.56,61.0,81,67,65,56,61,78,61,69,16.0,Not Placed,391.0,65.16666666666666,C,7.0,115,Good,False,0,Safe
DS0917,Student_0917,Male,Computer Science,2,4,24,97.65,62.0,75,77,100,74,41,67,82,66,16.0,Internship,429.0,71.5,B,8.0,76,Excellent,True,1,Low Risk
DS0918,Student_0918,Female,Computer Science,1,3,24,79.08,80.0,87,83,71,100,65,77,63,68,10.5,Not Placed,486.0,81.0,A,9.0,21,Good,False,0,Safe
DS0919,Student_0919,Male,Computer Science,2,3,22,96.08,77.0,69,77,75,64,48,64,72,62,6.8,Internship,410.0,68.33333333333333,C,7.0,95,Excellent,True,2,Medium Risk
DS0920,Student_0920,Female,Artificial Intelligence,2,3,23,84.69,61.0,90,83,55,65,81,78,62,66,8.1,Placed,435.0,72.5,B,8.0,70,Good,True,1,Low Risk
DS0921,Student_0921,Male,Computer Science,2,3,20,86.62,47.0,68,82,49,74,82,46,81,63,20.8,Placed,402.0,67.0,C,7.0,104,Excellent,True,1,Low Risk
DS0922,Student_0922,Female,Information Technology,1,1,23,60.6,60.0,69,62,70,61,67,89,69,77,21.4,Not Placed,389.0,64.83333333333333,C,7.0,117,Critical,True,1,Low Risk
DS0923,Student_0923,Male,Data Science,2,1,21,74.68,75.0,87,66,86,72,78,65,71,63,8.6,Internship,464.0,77.33333333333333,B,8.0,41,Warning,True,2,Medium Risk
DS0924,Student_0924,Female,Data Science,1,1,20,100.0,38.0,47,100,60,99,76,98,76,57,9.3,Not Placed,420.0,70.0,B,8.0,85,Excellent,True,2,Medium Risk
DS0925,Student_0925,Female,Data Science,2,4,23,69.65,57.0,89,94,73,65,93,65,61,96,29.4,Placed,471.0,78.5,B,8.0,34,Warning,True,1,Low Risk
DS0926,Student_0926,Other,Computer Science,1,2,24,77.77,72.0,66,61,70,62,69,70,65,86,3.6,Not Placed,400.0,66.66666666666666,C,7.0,106,Good,True,1,Low Risk
DS0927,Student_0927,Female,Artificial Intelligence,2,3,23,72.99,94.0,72,79,81,59,56,84,36,69,24.2,Not Placed,441.0,73.5,B,8.0,64,Warning,True,1,Low Risk
DS0928,Student_0928,Other,Artificial Intelligence,1,3,21,60.43,67.0,58,60,25,55,86,92,81,55,11.6,Internship,351.0,58.5,D,6.0,153,Critical,True,2,Medium Risk
DS0929,Student_0929,Male,Information Technology,1,1,22,76.78,70.0,52,40,68,79,79,73,68,65,2.0,Internship,388.0,64.66666666666666,C,7.0,118,Good,True,2,Medium Risk
DS0930,Student_0930,Male,Computer Science,2,1,24,66.84,87.0,75,48,77,63,64,91,69,72,20.8,Placed,414.0,69.0,C,7.0,91,Warning,True,2,Medium Risk
DS0931,Student_0931,Male,Artificial Intelligence,2,4,23,60.72,60.0,63,75,47,73,59,73,54,74,2.0,Not Placed,377.0,62.83333333333333,C,7.0,129,Critical,True,3,High Risk
DS0932,Student_0932,Other,Information Technology,2,4,22,75.88,47.0,88,76,65,56,54,98,69,75,6.3,Not Placed,386.0,64.33333333333333,C,7.0,120,Good,True,2,Medium Risk
DS0933,Student_0933,Male,Information Technology,1,3,23,93.01,65.0,73,64,63,75,93,65,68,71,19.8,Placed,433.0,72.16666666666667,B,8.0,72,Excellent,False,0,Safe
DS0934,Student_0934,Other,Computer Science,1,4,23,69.27,82.0,72,83,62,83,85,77,76,55,19.3,Placed,467.0,77.83333333333333,B,8.0,38,Warning,True,1,Low Risk
DS0935,Student_0935,Other,Computer Science,1,2,21,100.0,51.0,64,71,59,71,71,73,54,60,24.0,Placed,387.0,64.5,C,7.0,119,Excellent,False,0,Safe
DS0936,Student_0936,Male,Information Technology,1,3,24,70.18,64.0,50,83,64,80,84,71,100,100,25.0,Internship,425.0,70.83333333333334,B,8.0,80,Warning,True,1,Low Risk
DS0937,Student_0937,Other,Data Science,1,2,22,80.63,58.0,60,58,58,92,66,58,67,66,11.5,Internship,392.0,65.33333333333333,C,7.0,114,Good,False,0,Safe
DS0938,Student_0938,Female,Information Technology,2,1,24,77.1,73.0,73,67,76,57,80,100,71,57,22.4,Internship,426.0,71.0,B,8.0,79,Good,False,0,Safe
DS0939,Student_0939,Female,Information Technology,2,4,20,82.02,63.0,74,61,89,61,91,100,67,78,29.3,Internship,439.0,73.16666666666667,B,8.0,66,Good,False,0,Safe
DS0940,Student_0940,Male,Artificial Intelligence,1,1,21,84.37,47.0,45,58,82,46,79,95,80,68,8.0,Placed,357.0,59.5,D,6.0,147,Good,True,2,Medium Risk
DS0941,Student_0941,Other,Information Technology,1,4,20,69.09,61.0,69,73,38,67,70,47,82,61,22.1,Not Placed,378.0,63.0,C,7.0,128,Warning,True,2,Medium Risk
DS0942,Student_0942,Male,Computer Science,2,2,24,84.96,91.0,47,78,89,85,39,34,67,87,17.0,Placed,429.0,71.5,B,8.0,76,Good,True,1,Low Risk
DS0943,Student_0943,Male,Computer Science,2,3,20,75.5,72.0,65,54,70,71,79,53,79,76,19.5,Not Placed,411.0,68.5,C,7.0,94,Good,False,0,Safe
DS0944,Student_0944,Other,Data Science,1,3,22,100.0,51.0,97,81,66,56,86,72,95,63,16.1,Placed,437.0,72.83333333333334,B,8.0,68,Excellent,False,0,Safe
DS0945,Student_0945,Female,Computer Science,2,1,24,82.47,82.0,80,87,63,71,89,76,60,71,17.0,Placed,472.0,78.66666666666666,B,8.0,33,Good,False,0,Safe
DS0946,Student_0946,Male,Artificial Intelligence,2,2,21,84.33,68.0,94,85,74,59,58,70,56,63,12.2,Placed,438.0,73.0,B,8.0,67,Good,False,0,Safe
DS0947,Student_0947,Female,Computer Science,1,4,22,94.06,59.0,90,70,62,72,80,74,71,64,7.4,Not Placed,433.0,72.16666666666667,B,8.0,72,Excellent,True,1,Low Risk
DS0948,Student_0948,Male,Artificial Intelligence,2,1,24,92.39,45.0,59,79,56,47,56,93,100,50,10.0,Placed,342.0,56.99999999999999,D,6.0,158,Excellent,True,1,Low Risk
DS0949,Student_0949,Male,Artificial Intelligence,1,4,21,76.34,80.0,63,83,73,94,86,52,94,86,13.6,Placed,479.0,79.83333333333333,B,8.0,26,Good,False,0,Safe
DS0950,Student_0950,Other,Data Science,1,4,20,86.97,90.0,61,42,85,51,67,83,60,79,5.5,Placed,396.0,66.0,C,7.0,110,Excellent,True,2,Medium Risk
DS0951,Student_0951,Male,Artificial Intelligence,2,3,21,74.45,93.0,49,65,50,59,70,72,90,88,8.0,Not Placed,386.0,64.33333333333333,C,7.0,120,Warning,True,3,High Risk
DS0952,Student_0952,Other,Information Technology,1,2,20,73.65,60.0,77,75,54,81,57,66,74,71,8.0,Not Placed,404.0,67.33333333333333,C,7.0,102,Warning,True,2,Medium Risk
DS0953,Student_0953,Female,Artificial Intelligence,2,1,22,100.0,49.0,78,74,72,74,61,92,67,67,2.0,Internship,408.0,68.0,C,7.0,97,Excellent,True,2,Medium Risk
DS0954,Student_0954,Female,Data Science,2,4,24,91.6,86.0,82,62,49,53,77,80,84,43,7.4,Not Placed,409.0,68.16666666666666,C,7.0,96,Excellent,True,2,Medium Risk
DS0955,Student_0955,Female,Artificial Intelligence,2,4,21,71.13,65.0,86,98,68,61,41,100,83,59,17.6,Internship,419.0,69.83333333333334,C,7.0,86,Warning,True,2,Medium Risk
DS0956,Student_0956,Female,Data Science,1,1,20,57.49,82.0,67,83,82,79,70,77,70,55,13.7,Placed,463.0,77.16666666666666,B,8.0,42,Critical,True,1,Low Risk
DS0957,Student_0957,Other,Computer Science,2,4,22,67.36,65.0,99,73,86,68,42,76,87,88,27.1,Placed,433.0,72.16666666666667,B,8.0,72,Warning,True,2,Medium Risk
DS0958,Student_0958,Male,Computer Science,2,4,22,62.18,96.0,39,52,43,79,60,56,72,92,15.8,Placed,369.0,61.5,C,7.0,137,Critical,True,2,Medium Risk
DS0959,Student_0959,Female,Computer Science,1,3,24,65.5,58.0,38,84,59,53,44,77,68,100,4.1,Placed,336.0,56.00000000000001,D,6.0,164,Warning,True,3,High Risk
DS0960,Student_0960,Female,Artificial Intelligence,1,1,22,97.7,72.0,73,55,71,82,71,88,80,93,2.6,Placed,424.0,70.66666666666667,B,8.0,81,Excellent,True,1,Low Risk
DS0961,Student_0961,Male,Information Technology,1,1,22,86.58,82.0,86,60,100,73,37,66,94,89,10.2,Not Placed,438.0,73.0,B,8.0,67,Excellent,True,1,Low Risk
DS0962,Student_0962,Male,Data Science,2,3,20,68.08,68.0,78,65,65,71,54,48,47,81,14.4,Placed,401.0,66.83333333333333,C,7.0,105,Warning,True,1,Low Risk
DS0963,Student_0963,Male,Information Technology,2,3,21,70.92,66.0,50,60,76,69,82,73,60,59,16.5,Not Placed,403.0,67.16666666666666,C,7.0,103,Warning,True,1,Low Risk
DS0964,Student_0964,Other,Artificial Intelligence,2,3,22,76.37,100.0,63,70,50,89,83,100,81,41,19.2,Not Placed,455.0,75.83333333333333,B,8.0,50,Good,False,0,Safe
DS0965,Student_0965,Female,Computer Science,1,3,21,84.97,61.0,83,76,44,74,73,75,89,100,22.4,Not Placed,411.0,68.5,C,7.0,94,Good,True,1,Low Risk
DS0966,Student_0966,Female,Information Technology,1,1,21,77.74,73.0,76,74,70,100,59,66,80,76,8.8,Not Placed,452.0,75.33333333333333,B,8.0,53,Good,True,1,Low Risk
DS0967,Student_0967,Female,Information Technology,2,2,21,62.47,92.0,86,94,74,69,81,76,65,71,18.5,Not Placed,496.0,82.66666666666667,A,9.0,15,Critical,True,1,Low Risk
DS0968,Student_0968,Female,Data Science,1,1,22,67.32,89.0,57,65,59,58,61,94,86,61,24.6,Placed,389.0,64.83333333333333,C,7.0,117,Warning,True,1,Low Risk
DS0969,Student_0969,Male,Information Technology,1,4,20,75.52,75.0,68,75,70,78,73,86,79,69,23.2,Internship,439.0,73.16666666666667,B,8.0,66,Good,False,0,Safe
DS0970,Student_0970,Other,Information Technology,1,3,21,74.36,73.0,72,68,95,59,65,67,72,56,2.0,Internship,432.0,72.0,B,8.0,73,Warning,True,2,Medium Risk
DS0971,Student_0971,Female,Information Technology,1,1,24,51.62,77.0,38,83,93,68,89,73,97,83,12.4,Not Placed,448.0,74.66666666666667,B,8.0,57,Critical,True,2,Medium Risk
DS0972,Student_0972,Male,Computer Science,2,2,20,92.22,75.0,85,69,100,62,85,77,77,50,20.6,Placed,476.0,79.33333333333333,B,8.0,29,Excellent,False,0,Safe
DS0973,Student_0973,Male,Information Technology,1,2,20,68.38,74.0,69,75,64,61,66,100,65,75,22.3,Internship,409.0,68.16666666666666,C,7.0,96,Warning,True,1,Low Risk
DS0974,Student_0974,Female,Information Technology,2,2,21,80.5,40.0,66,61,73,76,69,77,99,77,12.4,Placed,385.0,64.16666666666667,C,7.0,121,Good,True,1,Low Risk
DS0975,Student_0975,Other,Computer Science,2,2,24,96.43,41.0,48,63,68,62,75,58,75,46,5.7,Not Placed,357.0,59.5,D,6.0,147,Excellent,True,2,Medium Risk
DS0976,Student_0976,Female,Computer Science,2,4,23,81.36,61.0,87,58,58,71,71,68,78,93,27.6,Internship,406.0,67.66666666666666,C,7.0,100,Good,False,0,Safe
DS0977,Student_0977,Female,Information Technology,1,2,22,82.38,59.0,87,78,85,69,67,73,35,50,13.2,Internship,445.0,74.16666666666667,B,8.0,60,Good,False,0,Safe
DS0978,Student_0978,Male,Information Technology,1,4,24,90.84,53.0,82,50,62,63,88,87,71,49,14.4,Internship,398.0,66.33333333333333,C,7.0,108,Excellent,False,0,Safe
DS0979,Student_0979,Female,Information Technology,2,4,23,92.58,70.0,74,59,87,70,56,59,61,64,17.3,Not Placed,416.0,69.33333333333334,C,7.0,89,Excellent,False,0,Safe
DS0980,Student_0980,Other,Information Technology,1,4,24,77.8,67.0,63,65,58,67,87,67,85,60,15.8,Not Placed,407.0,67.83333333333333,C,7.0,99,Good,False,0,Safe
DS0981,Student_0981,Other,Computer Science,2,2,23,84.79,54.0,42,68,51,70,87,69,43,99,8.7,Placed,372.0,62.0,C,7.0,134,Good,True,2,Medium Risk
DS0982,Student_0982,Female,Information Technology,2,4,21,78.01,91.0,78,55,75,100,93,92,83,49,19.2,Not Placed,492.0,82.0,A,9.0,18,Good,False,0,Safe
DS0983,Student_0983,Male,Data Science,1,3,24,74.62,67.0,71,74,88,85,59,49,70,100,4.0,Not Placed,444.0,74.0,B,8.0,61,Warning,True,2,Medium Risk
DS0984,Student_0984,Female,Artificial Intelligence,2,4,23,100.0,70.0,69,74,56,49,49,63,77,90,23.1,Placed,367.0,61.16666666666667,C,7.0,139,Excellent,True,1,Low Risk
DS0985,Student_0985,Male,Data Science,2,2,21,69.84,50.0,59,75,99,59,63,67,75,93,14.3,Internship,405.0,67.5,C,7.0,101,Warning,True,1,Low Risk
DS0986,Student_0986,Female,Computer Science,2,2,21,95.02,70.0,55,98,72,86,70,76,75,56,9.7,Not Placed,451.0,75.16666666666667,B,8.0,54,Excellent,True,1,Low Risk
DS0987,Student_0987,Female,Computer Science,2,2,21,84.58,86.0,96,61,80,73,68,74,92,79,15.3,Not Placed,464.0,77.33333333333333,B,8.0,41,Good,False,0,Safe
DS0988,Student_0988,Female,Computer Science,1,4,20,88.13,91.0,89,88,25,77,73,70,94,86,19.8,Placed,443.0,73.83333333333333,B,8.0,62,Excellent,True,1,Low Risk
DS0989,Student_0989,Male,Artificial Intelligence,2,4,21,100.0,77.0,87,85,68,85,73,43,81,64,29.2,Not Placed,475.0,79.16666666666666,B,8.0,30,Excellent,False,0,Safe
DS0990,Student_0990,Female,Artificial Intelligence,1,3,22,68.04,74.0,58,66,59,65,65,50,76,82,21.1,Internship,387.0,64.5,C,7.0,119,Warning,True,1,Low Risk
DS0991,Student_0991,Female,Information Technology,1,2,24,79.09,78.0,94,85,100,100,44,85,67,64,12.2,Internship,501.0,83.5,A,9.0,11,Good,True,1,Low Risk
DS0992,Student_0992,Female,Computer Science,1,4,24,83.66,67.0,83,63,66,79,67,81,59,95,29.5,Placed,425.0,70.83333333333334,B,8.0,80,Good,False,0,Safe
DS0993,Student_0993,Other,Artificial Intelligence,2,4,21,77.43,61.0,92,34,86,57,85,100,70,100,13.3,Not Placed,415.0,69.16666666666667,C,7.0,90,Good,True,1,Low Risk
DS0994,Student_0994,Male,Computer Science,2,4,22,91.21,92.0,46,66,62,93,73,87,67,66,21.0,Not Placed,432.0,72.0,B,8.0,73,Excellent,True,1,Low Risk
DS0995,Student_0995,Female,Data Science,1,2,20,92.32,53.0,77,76,66,76,72,79,81,73,22.2,Internship,420.0,70.0,B,8.0,85,Excellent,False,0,Safe
DS0996,Student_0996,Other,Data Science,2,2,23,86.15,71.0,53,82,45,74,64,75,62,95,17.4,Placed,389.0,64.83333333333333,C,7.0,117,Excellent,True,1,Low Risk
DS0997,Student_0997,Other,Data Science,2,2,24,45.0,79.0,91,91,79,65,49,88,85,70,22.9,Internship,454.0,75.66666666666667,B,8.0,51,Critical,True,2,Medium Risk
DS0998,Student_0998,Female,Data Science,1,1,22,94.97,79.0,60,89,51,69,68,85,46,54,17.2,Internship,416.0,69.33333333333334,C,7.0,89,Excellent,False,0,Safe
DS0999,Student_0999,Other,Data Science,2,2,23,72.73,69.0,63,99,72,78,85,60,95,87,12.2,Not Placed,466.0,77.66666666666666,B,8.0,39,Warning,True,1,Low Risk
DS1000,Student_1000,Other,Information Technology,2,4,22,65.79,57.0,91,75,91,69,78,82,83,89,20.7,Internship,461.0,76.83333333333333,B,8.0,44,Warning,True,1,Low Risk
